,iid,shape_0,size_0,color_0,material_0,appr_corr_0,material_0shape_0,shape_0color_0,size_0material_0,material_0shape_0color_0,size_0material_0color_0,size_0material_0shape_0,size_0shape_0color_0,intr_corr_0,seed,loss,avg_ari_mask,corr_coef_disc,corr_coef_pos,corr_coef_size,corr_coef_material,corr_coef_shape,corr_coef_color,corr_coef,corr_rank_disc,corr_rank_pos,corr_rank_size,corr_rank_material,corr_rank_shape,corr_rank_color,corr_rank,avg_obj_greedy_loss_nodup,avg_attr_greedy_loss_nodup,avg_obj_pseudo_greedy_loss,avg_attr_pseudo_greedy_loss,avg_obj_greedy_loss_nodup_en,avg_attr_greedy_loss_nodup_en,avg_obj_pseudo_greedy_loss_en,avg_attr_pseudo_greedy_loss_en,avg_obj_greedy_loss_nodup_hn,avg_attr_greedy_loss_nodup_hn,avg_obj_pseudo_greedy_loss_hn,avg_attr_pseudo_greedy_loss_hn,std_obj_greedy_loss_nodup,std_attr_greedy_loss_nodup,std_obj_pseudo_greedy_loss,std_attr_pseudo_greedy_loss,avg_obj_greedy_cos_loss_nodup,avg_attr_greedy_cos_loss_nodup,avg_obj_pseudo_greedy_cos_loss,avg_attr_pseudo_greedy_cos_loss,avg_obj_greedy_cos_loss_nodup_en,avg_attr_greedy_cos_loss_nodup_en,avg_obj_pseudo_greedy_cos_loss_en,avg_attr_pseudo_greedy_cos_loss_en,avg_obj_greedy_cos_loss_nodup_hn,avg_attr_greedy_cos_loss_nodup_hn,avg_obj_pseudo_greedy_cos_loss_hn,avg_attr_pseudo_greedy_cos_loss_hn,std_obj_greedy_cos_loss_nodup,std_attr_greedy_cos_loss_nodup,std_obj_pseudo_greedy_cos_loss,std_attr_pseudo_greedy_cos_loss
181,0.5,0.5,,,,,,,,,,,,,19.0,0.0023017264902591705,0.9412131309509277,0.2133254110813141,0.5148548483848572,-0.19371969997882843,-0.16265742480754852,-0.14404289424419403,-0.13451142609119415,0.3733646273612976,-0.004071354866027832,0.013759702444076538,-0.0008665323257446289,0.0032098889350891113,-0.000839531421661377,0.01759442687034607,0.00537458062171936,0.15094400942325592,0.11259360611438751,0.05718225613236427,0.04318251088261604,0.18753264844417572,0.07807254791259766,0.09138338267803192,0.031321581453084946,0.0498453788459301,0.02269621193408966,0.03301374614238739,0.011703794822096825,0.000378406752133742,0.0008996963151730597,0.00012507721839938313,0.0002856209175661206,0.17046838998794556,0.07201863825321198,0.08112441748380661,0.02988348715007305,0.05840687453746796,0.04378538206219673,0.034315552562475204,0.034027907997369766,0.011174038983881474,0.02581740915775299,0.02121114358305931,0.007782024797052145,0.0002585716138128191,0.0005236697033978999,0.00013375472917687148,0.00020651216618716717
182,0.25,0.75,,,,,,,,,,,,,19.0,0.0024038178380578756,0.9461745023727417,0.03425240144133568,0.5528086423873901,-0.1487143337726593,-0.12487173080444336,-0.09770059585571289,-0.06447844207286835,0.23198828101158142,-0.003879249095916748,-0.00025963783264160156,0.003069251775741577,0.0023126304149627686,-0.004574298858642578,-0.001597970724105835,-0.005386054515838623,0.19805355370044708,0.1361657679080963,0.059304315596818924,0.06105896085500717,0.15925747156143188,0.07529924064874649,0.11399124562740326,0.04006143659353256,0.04423851519823074,0.012900863774120808,0.049376167356967926,0.026737360283732414,0.00041137562948279083,0.0011940361000597477,0.00013232885976321995,0.00030209790566004813,0.19386929273605347,0.08253428339958191,0.11140960454940796,0.04924575611948967,0.040618035942316055,0.04424281418323517,0.038440827280282974,0.07873892784118652,0.007415246218442917,0.016320396214723587,0.03282061964273453,0.0184777844697237,0.00024696209584362805,0.0006689439760521054,0.0001723924360703677,0.00034902183688245714
183,0.1,0.9,,,,,,,,,,,,,19.0,0.0017727725207805634,0.961869478225708,0.18728357553482056,0.5251718759536743,-0.2021283656358719,-0.16662004590034485,-0.14777573943138123,-0.12973137199878693,0.3545182943344116,-0.001838088035583496,-0.004118293523788452,-0.009498000144958496,-0.010974109172821045,0.008570492267608643,-0.0013741254806518555,-0.001431107521057129,0.143610879778862,0.10357049852609634,0.04262269288301468,0.032477524131536484,0.16694261133670807,0.05944007262587547,0.07245893031358719,0.016385480761528015,0.044272150844335556,0.013164997100830078,0.02943875826895237,0.007795203011482954,0.00031409517396241426,0.000815804407466203,8.495125075569376e-05,0.00016996395424939692,0.16518434882164001,0.06614881008863449,0.07378166168928146,0.023231228813529015,0.04476594552397728,0.033101700246334076,0.029276972636580467,0.03299233689904213,0.009040224365890026,0.016413196921348572,0.01782740093767643,0.005066071171313524,0.00023678160505369306,0.0004639946564566344,0.00012369740579742938,0.0001234526134794578
184,0.9,0.1,,,,,,,,,,,,,20.0,0.00257150293327868,0.9476218223571777,0.03297832980751991,0.5657393932342529,-0.16525429487228394,-0.13115887343883514,-0.10663200914859772,-0.06806419789791107,0.23567074537277222,0.004225790500640869,0.00030919909477233887,0.004394620656967163,0.003161489963531494,-0.003575146198272705,0.005482584238052368,-0.006555378437042236,0.17717261612415314,0.1443222016096115,0.053373079746961594,0.0602162629365921,0.17568045854568481,0.08575760573148727,0.12851670384407043,0.049814555794000626,0.04676993191242218,0.011131138540804386,0.053110428154468536,0.026151295751333237,0.0003766092413570732,0.001159199164249003,0.0001154752098955214,0.00034599396167322993,0.19028137624263763,0.08892308920621872,0.1197071447968483,0.051367804408073425,0.04551137611269951,0.05008716881275177,0.04431934282183647,0.0928734764456749,0.006904948502779007,0.010519294999539852,0.03640107437968254,0.017467603087425232,0.0002401914243819192,0.0006691448506899178,0.00020057326764799654,0.00038528951699845493
185,0.75,0.25,,,,,,,,,,,,,20.0,0.0023564444854855537,0.950353741645813,0.0070595997385680676,0.5275551080703735,-0.15061518549919128,-0.12647949159145355,-0.0927438735961914,-0.052291177213191986,0.199164018034935,0.006635069847106934,-0.010294973850250244,0.004358559846878052,0.0020668506622314453,-0.005797743797302246,-0.005073666572570801,0.00788089632987976,0.22129063308238983,0.1914062798023224,0.061991654336452484,0.08278512209653854,0.159550279378891,0.1023750975728035,0.13394515216350555,0.06507691740989685,0.05037118121981621,0.012051021680235863,0.05713885277509689,0.02521272748708725,0.0004608067683875561,0.0016246733721345663,0.0001695097889751196,0.0005337027832865715,0.20434148609638214,0.11955847591161728,0.12016449123620987,0.06161949038505554,0.04282918944954872,0.05290623754262924,0.041007328778505325,0.09081970900297165,0.011681904084980488,0.012325793504714966,0.040186576545238495,0.017859384417533875,0.0002598546852823347,0.0009833946824073792,0.00019939323829021305,0.0004006466770078987
186,0.5,0.5,,,,,,,,,,,,,20.0,0.0019041255582123995,0.9609910845756531,0.05589325726032257,0.5793604850769043,-0.18490555882453918,-0.15148964524269104,-0.12358604371547699,-0.08791044354438782,0.26051783561706543,0.00935673713684082,-0.002193629741668701,-0.00892108678817749,-0.005233585834503174,-0.001489877700805664,-0.006192028522491455,0.004527449607849121,0.19356945157051086,0.17452892661094666,0.058864694088697433,0.0766286626458168,0.16538918018341064,0.08618158847093582,0.11942701041698456,0.045403774827718735,0.0467461422085762,0.011299660429358482,0.047840822488069534,0.022220397368073463,0.00041171329212374985,0.0013152225874364376,0.00013081794895697385,0.00048044088180176914,0.1928512454032898,0.10774771869182587,0.11123941093683243,0.05582529678940773,0.04459705948829651,0.04840530827641487,0.0403551384806633,0.07820294797420502,0.010193169116973877,0.011961517855525017,0.031717780977487564,0.015788381919264793,0.00024078221758827567,0.000775817665271461,0.0001713225501589477,0.0003400620480533689
187,0.25,0.75,,,,,,,,,,,,,20.0,0.0020395820029079914,0.9610311985015869,0.11078409850597382,0.5339851379394531,-0.1729619950056076,-0.14454308152198792,-0.11892418563365936,-0.09594908356666565,0.29139867424964905,0.0025241076946258545,0.001829385757446289,0.0002810955047607422,0.0033172667026519775,-0.004895031452178955,-0.0039823055267333984,0.011264204978942871,0.15223254263401031,0.13752184808254242,0.05159861221909523,0.04893384501338005,0.1939801275730133,0.0735802873969078,0.09725481271743774,0.03016669489443302,0.05244908109307289,0.018882067874073982,0.03688841685652733,0.013345342129468918,0.000385219173040241,0.0010100705549120903,0.00010102085070684552,0.00034037083969451487,0.18051007390022278,0.08591385185718536,0.09108497202396393,0.03461192920804024,0.05623241141438484,0.04271271452307701,0.036024309694767,0.04658569023013115,0.011291159316897392,0.019207481294870377,0.02367579936981201,0.009730478748679161,0.00026099089882336557,0.0006058228318579495,0.00015363303828053176,0.00028003021725453436
188,0.1,0.9,,,,,,,,,,,,,20.0,0.002028919756412506,0.7161487936973572,0.03340216353535652,0.43124717473983765,-0.14133736491203308,-0.11671103537082672,-0.08858365565538406,-0.06926336884498596,0.18687081336975098,-0.006857097148895264,0.006578296422958374,0.0014912188053131104,-0.003680586814880371,-0.014509439468383789,-0.007116734981536865,-0.005970418453216553,0.3106945753097534,0.28662362694740295,0.10083417594432831,0.08975617587566376,0.13204728066921234,0.07390853762626648,0.0857345312833786,0.03388972580432892,0.027871105819940567,0.0013581454986706376,0.024495286867022514,0.010417018085718155,0.00034265918657183647,0.0010841044131666422,0.00013791168748866767,0.0003863780584651977,0.23931105434894562,0.17349007725715637,0.10309039056301117,0.05899207293987274,0.04184918850660324,0.04071955755352974,0.03298667445778847,0.04358210042119026,0.0067872400395572186,0.00350047810934484,0.013268747366964817,0.006925715133547783,0.00020450899319257587,0.00064083345932886,0.00012826095917262137,0.00025470388936810195
189,0.9,,0.1,,,,,,,,,,,,0.0,0.0021194687578827143,0.9586331844329834,0.046067073941230774,0.5746331214904785,-0.18117418885231018,-0.14881232380867004,-0.11780756711959839,-0.08619490265846252,0.2502487301826477,-0.0028536319732666016,-0.010031938552856445,-0.005016684532165527,-0.0035666823387145996,-0.0009017288684844971,0.004208624362945557,-0.009837210178375244,0.17714062333106995,0.13819053769111633,0.05081513524055481,0.0609956756234169,0.1699548065662384,0.08634543418884277,0.11979375034570694,0.0472213514149189,0.04830828309059143,0.013981991447508335,0.04744415730237961,0.02349097467958927,0.0003785440349020064,0.0010599783854559064,0.00012762215919792652,0.00035271706292405725,0.18856745958328247,0.08646571636199951,0.10404493659734726,0.04766680672764778,0.0427216999232769,0.04917062819004059,0.04111497849225998,0.08708711713552475,0.0075683677569031715,0.01454474963247776,0.03787871450185776,0.016142403706908226,0.00023341787164099514,0.0006281211390160024,0.00017009995644912124,0.0003232915769331157
190,0.75,,0.25,,,,,,,,,,,,0.0,0.0026133577339351177,0.9510337710380554,0.03664499148726463,0.5548327565193176,-0.15022194385528564,-0.12140759080648422,-0.09397101402282715,-0.06085381284356117,0.23485609889030457,-0.017119109630584717,-0.009379863739013672,-0.00884053111076355,-0.010680317878723145,0.00013777613639831543,-0.011016249656677246,0.0033600330352783203,0.15561461448669434,0.09783969074487686,0.06545045971870422,0.0620603933930397,0.16069398820400238,0.08087307959794998,0.1453624963760376,0.052327509969472885,0.045444753021001816,0.010106630623340607,0.05696868896484375,0.020735956728458405,0.00033699089544825256,0.0008854923653416336,0.00015161975170485675,0.0003430669894441962,0.16733767092227936,0.06081688031554222,0.1291319578886032,0.04679546505212784,0.04302508756518364,0.04558045417070389,0.05357902869582176,0.11328405886888504,0.008830499835312366,0.011725165881216526,0.044694989919662476,0.01447231788188219,0.00022533911396749318,0.0005226486828178167,0.00023597381368745118,0.0003136915620416403
191,0.5,,0.5,,,,,,,,,,,,0.0,0.0019647809676826,0.9576480388641357,0.013548804447054863,0.603030264377594,-0.1724020540714264,-0.14283548295497894,-0.12003760039806366,-0.0726241022348404,0.23244360089302063,-0.006228268146514893,0.0009663403034210205,0.0023026764392852783,0.0017483532428741455,0.0015012025833129883,0.008268475532531738,-0.005283325910568237,0.2214035540819168,0.17960397899150848,0.05859699100255966,0.07442626357078552,0.16082917153835297,0.07765476405620575,0.1257137507200241,0.04134489968419075,0.04412500560283661,0.01307186484336853,0.05413460731506348,0.021863458678126335,0.0004131709865760058,0.0011971695348620415,0.0001271520886803046,0.00031084840884432197,0.20902475714683533,0.10966739803552628,0.11850833892822266,0.05546867847442627,0.04222816228866577,0.045752137899398804,0.04100858420133591,0.09652462601661682,0.009387070313096046,0.011142854578793049,0.038756113499403,0.01653318852186203,0.00024070893414318562,0.0006860846187919378,0.00017756888701114804,0.0003092984843533486
192,0.25,,0.75,,,,,,,,,,,,0.0,0.002296446356922388,0.9591078758239746,0.020076800137758255,0.5685678720474243,-0.1588338315486908,-0.13821452856063843,-0.11180032044649124,-0.08193950355052948,0.22553440928459167,0.0033923685550689697,0.00061759352684021,0.0020464658737182617,-0.0016021728515625,-0.006138443946838379,-0.003949224948883057,0.00012362003326416016,0.20591610670089722,0.15420587360858917,0.058128729462623596,0.061154868453741074,0.1599782258272171,0.08354003727436066,0.10943525284528732,0.03641367331147194,0.044701654464006424,0.0105977738276124,0.0477575957775116,0.01936749555170536,0.0004084165266249329,0.0011717654997482896,0.00011891078611370176,0.0002799974463414401,0.1973334699869156,0.09444430470466614,0.106078140437603,0.04388623684644699,0.041963234543800354,0.04856386408209801,0.034289970993995667,0.08161766082048416,0.00868958979845047,0.008709006011486053,0.03337927535176277,0.013432995416224003,0.0002346523542655632,0.0006857523112557828,0.00015945224731694907,0.00024974069674499333
193,0.1,,0.9,,,,,,,,,,,,0.0,0.0024001803249120712,0.9602649211883545,0.03974492847919464,0.5967512130737305,-0.17938487231731415,-0.15789324045181274,-0.13191409409046173,-0.09575886279344559,0.25287601351737976,-0.0009719133377075195,0.00597536563873291,0.0010679960250854492,0.004035651683807373,0.0017201006412506104,0.006935596466064453,0.002392709255218506,0.19653604924678802,0.1555054634809494,0.04998323693871498,0.06322017312049866,0.1555817723274231,0.08912131935358047,0.10830201208591461,0.03609359636902809,0.046746768057346344,0.011054902337491512,0.04586797580122948,0.020491372793912888,0.00042593240505084395,0.001337260939180851,0.00011547324538696557,0.0003301934339106083,0.19071191549301147,0.0947805643081665,0.10136903822422028,0.046234551817178726,0.03783097490668297,0.05105720832943916,0.03491118922829628,0.08366380631923676,0.00785665400326252,0.008720122277736664,0.033384375274181366,0.015604961663484573,0.000234536113566719,0.0007867464446462691,0.00016139305080287158,0.000279192317975685
194,0.9,,0.1,,,,,,,,,,,,5.0,0.0021756794303655624,0.9533904790878296,0.011259075254201889,0.5429912805557251,-0.15100973844528198,-0.11774149537086487,-0.09003238379955292,-0.05085934326052666,0.2084515392780304,-0.0013302862644195557,-0.011317968368530273,-0.011245369911193848,-0.015213489532470703,-0.011290013790130615,2.473592758178711e-05,0.001353442668914795,0.19765403866767883,0.17110233008861542,0.05445330962538719,0.060591693967580795,0.1697622686624527,0.09553831815719604,0.10807979851961136,0.05027860403060913,0.0547526553273201,0.013437990099191666,0.04122047871351242,0.018394378945231438,0.0004445732047315687,0.001540191937237978,0.00012118482118239626,0.00033350681769661605,0.19307741522789001,0.10625599324703217,0.09002257883548737,0.043763089925050735,0.045711468905210495,0.047780171036720276,0.035654619336128235,0.07564651221036911,0.010169708169996738,0.010747826658189297,0.03578755259513855,0.014078163541853428,0.0002520629786886275,0.0009122898336499929,0.00014996436948422343,0.0002804953546728939
195,0.75,,0.25,,,,,,,,,,,,5.0,0.0016449113609269261,0.9712705612182617,0.1292368322610855,0.6285825371742249,-0.21631450951099396,-0.17610979080200195,-0.1521562933921814,-0.12797488272190094,0.3420717418193817,0.0026652514934539795,0.002044588327407837,-0.006530582904815674,-0.003191053867340088,-0.002848982810974121,-0.003720313310623169,-0.01616072654724121,0.13744227588176727,0.10907280445098877,0.06066694110631943,0.04831651598215103,0.19169120490550995,0.07734311372041702,0.12460696697235107,0.03535968437790871,0.05645224452018738,0.016782846301794052,0.0470103956758976,0.01597723364830017,0.00035001110518351197,0.0008325566886924207,0.00012810080079361796,0.0003465180052444339,0.1703769862651825,0.06754869222640991,0.11233299225568771,0.03466210514307022,0.056882377713918686,0.045100387185811996,0.04962007701396942,0.06065141409635544,0.013010522350668907,0.021806946024298668,0.03125760331749916,0.011095050722360611,0.00024833131465129554,0.00048400816740468144,0.00021285860566422343,0.0002804381074383855
196,0.5,,0.5,,,,,,,,,,,,5.0,0.0016616401262581348,0.04614599794149399,0.16644439101219177,0.601943850517273,-0.22743074595928192,-0.1995924562215805,-0.1929377317428589,-0.21561115980148315,0.3644651472568512,-0.010043203830718994,0.003226369619369507,-0.009128600358963013,-0.005714118480682373,0.004750847816467285,0.003107786178588867,0.012017011642456055,0.26491233706474304,0.22940593957901,0.1369156539440155,0.11522740125656128,0.16008327901363373,0.06369699537754059,0.11226222664117813,0.04757804423570633,0.03383071348071098,0.007661809213459492,0.028914950788021088,0.00746883312240243,0.00036522498703561723,0.0010796993738040328,0.00020958449749741703,0.0006614560843445361,0.23225714266300201,0.14228709042072296,0.13312113285064697,0.07634740322828293,0.04872579872608185,0.03933766484260559,0.03859466314315796,0.03873559087514877,0.005633713211864233,0.005847678519785404,0.013230460695922375,0.007920332252979279,0.00024177177692763507,0.0006398472469300032,0.00017163247684948146,0.0004263941082172096
197,0.25,,0.75,,,,,,,,,,,,5.0,0.002499088179320097,0.9492684602737427,0.10086046159267426,0.5490478277206421,-0.18226110935211182,-0.14879417419433594,-0.13269077241420746,-0.1054944097995758,0.2883588969707489,-0.0009042918682098389,-0.01108318567276001,0.0037520527839660645,0.0038106441497802734,0.0024992823600769043,-0.006717801094055176,0.008092433214187622,0.138044074177742,0.09891343861818314,0.048108797520399094,0.04302184656262398,0.16871419548988342,0.07189491391181946,0.09429147839546204,0.031163424253463745,0.048652488738298416,0.019687697291374207,0.03736787661910057,0.013082237914204597,0.000322977255564183,0.0007699207635596395,9.157803287962452e-05,0.0002618118596728891,0.163197860121727,0.06254427134990692,0.08755166083574295,0.03062976896762848,0.04525623098015785,0.044455502182245255,0.03654026612639427,0.05047581344842911,0.00923155341297388,0.02617621049284935,0.023727167397737503,0.009235285222530365,0.00023069557209964842,0.0004627767775673419,0.0001558892836328596,0.00022481626365333796
198,0.1,,0.9,,,,,,,,,,,,5.0,0.0021142829209566116,0.9403102397918701,0.1640242040157318,0.5126975774765015,-0.19315919280052185,-0.16193529963493347,-0.1422426849603653,-0.13019227981567383,0.32991304993629456,-0.004223883152008057,0.011976748704910278,-0.0057478249073028564,-0.0028704404830932617,0.0038249194622039795,0.005115687847137451,-0.0008440613746643066,0.16259394586086273,0.10940372943878174,0.04613519459962845,0.03597801551222801,0.1738988310098648,0.07412859797477722,0.07929275929927826,0.026429185643792152,0.04543077200651169,0.013424418866634369,0.027970192953944206,0.008389870636165142,0.00035388374817557633,0.0008412087918259203,8.977227116702124e-05,0.00020675317500717938,0.17486347258090973,0.06616340577602386,0.07033421844244003,0.023800626397132874,0.048185501247644424,0.04305005446076393,0.028837120160460472,0.03310749679803848,0.006990502122789621,0.016080563887953758,0.017306989058852196,0.006243129726499319,0.0002465779543854296,0.0004877796454820782,0.00011291362170595676,0.00014951484627090394
199,0.9,,0.1,,,,,,,,,,,,6.0,0.001982739893719554,0.9634894132614136,0.051908064633607864,0.6001836061477661,-0.1827748417854309,-0.1480923742055893,-0.126758873462677,-0.09422475099563599,0.2646164000034332,-0.008800625801086426,-0.004976034164428711,-0.007086634635925293,-0.004980623722076416,0.0006746351718902588,4.073977470397949e-05,0.00017309188842773438,0.18802696466445923,0.13508650660514832,0.06102505698800087,0.07006560266017914,0.16583125293254852,0.08618117868900299,0.13671424984931946,0.04319676756858826,0.047405194491147995,0.014885028824210167,0.05479136109352112,0.0248958058655262,0.0003956239379476756,0.0011038087541237473,0.0001480955834267661,0.000370103312889114,0.1922505646944046,0.08205591142177582,0.12593276798725128,0.05182512849569321,0.04180636256933212,0.051166605204343796,0.04927433654665947,0.10023646056652069,0.008082431741058826,0.015863439068198204,0.0389152392745018,0.017317404970526695,0.00023392995353788137,0.0006283711409196258,0.0002146436891052872,0.00032887584529817104
200,0.75,,0.25,,,,,,,,,,,,6.0,0.002617345890030265,0.9337742328643799,-0.007061242125928402,0.46230316162109375,-0.1218586191534996,-0.10046537220478058,-0.07272325456142426,-0.038458727300167084,0.16317079961299896,-0.000296860933303833,0.00429651141166687,-0.005856752395629883,-0.002615630626678467,-0.0007214248180389404,0.0037761032581329346,-0.0008365809917449951,0.2371869832277298,0.22456762194633484,0.07254144549369812,0.08894449472427368,0.15478479862213135,0.0745626762509346,0.09850939363241196,0.03757304325699806,0.04062207043170929,0.010191843844950199,0.04164724424481392,0.014999155886471272,0.00044096008059568703,0.0013253086945042014,0.00012598700413946062,0.0003728735900949687,0.21127121150493622,0.1372521072626114,0.1052495613694191,0.05753900483250618,0.04234854876995087,0.043288420885801315,0.028952093794941902,0.0717356726527214,0.010093995369970798,0.011033204384148121,0.027988871559500694,0.011690503917634487,0.0002427104627713561,0.0007661347626708448,0.00014293822459876537,0.0002615917765069753
201,0.5,,0.5,,,,,,,,,,,,6.0,0.0021104232873767614,0.9509234428405762,0.04954329878091812,0.6086297035217285,-0.18649344146251678,-0.15059033036231995,-0.1276833713054657,-0.09789140522480011,0.26566004753112793,0.0031751692295074463,-0.0019972026348114014,-0.0053784847259521484,-0.007372379302978516,0.004895508289337158,-0.0005323290824890137,-0.010686695575714111,0.21760128438472748,0.19622093439102173,0.07067060470581055,0.08540958911180496,0.16359850764274597,0.07932481914758682,0.1177200973033905,0.046912528574466705,0.04304097220301628,0.005532339680939913,0.04692515358328819,0.021648572757840157,0.0004095008480362594,0.001265231054276228,0.00013564892287831753,0.0004313614626880735,0.20513968169689178,0.11816761642694473,0.11754611134529114,0.0611364021897316,0.04447343200445175,0.046027764678001404,0.038620077073574066,0.08499422669410706,0.00841871090233326,0.006843497510999441,0.03510373458266258,0.015561294741928577,0.0002474102657288313,0.0007352973916567862,0.0001796324213501066,0.00034391102963127196
202,0.25,,0.75,,,,,,,,,,,,6.0,0.0022364866454154253,0.9581295847892761,0.00951134879142046,0.5993789434432983,-0.17523407936096191,-0.1327453851699829,-0.10953107476234436,-0.06695319712162018,0.2276599109172821,0.01582920551300049,-0.0020144879817962646,0.00773891806602478,0.01202806830406189,0.004971235990524292,0.00431022047996521,-0.013058900833129883,0.18805328011512756,0.14235661923885345,0.04705136641860008,0.06491579115390778,0.1753809005022049,0.08011865615844727,0.1176360547542572,0.046784721314907074,0.05030257627367973,0.012267893180251122,0.052019745111465454,0.025852492079138756,0.0004294921236578375,0.0014314987929537892,0.00011405398254282773,0.0003328679013065994,0.19595222175121307,0.08990652859210968,0.105864517390728,0.05096696689724922,0.044679008424282074,0.04514374956488609,0.03720193728804588,0.09571895748376846,0.007772615645080805,0.009829152375459671,0.03582834452390671,0.019059350714087486,0.00025225893477909267,0.0008509758627042174,0.00015846097085159272,0.0003292786714155227
203,0.1,,0.9,,,,,,,,,,,,6.0,0.0033784043043851852,0.9469581842422485,0.03278036788105965,0.5913175940513611,-0.1843288689851761,-0.1447305828332901,-0.12105045467615128,-0.09719067811965942,0.24486875534057617,-0.009557008743286133,0.003065258264541626,-0.0053507983684539795,-0.008586585521697998,-0.012763142585754395,0.003330916166305542,0.0010118186473846436,0.21079032123088837,0.16518494486808777,0.05423485115170479,0.07373632490634918,0.17085883021354675,0.0796465203166008,0.11191029101610184,0.039094749838113785,0.050171103328466415,0.013833161443471909,0.048421215265989304,0.02405419759452343,0.0004393124836497009,0.0012433412484824657,0.00013183926057536155,0.0003520389727782458,0.21078921854496002,0.10126154124736786,0.10815101116895676,0.05492835491895676,0.041672483086586,0.048909373581409454,0.03684814274311066,0.08497516065835953,0.008021284826099873,0.013408600352704525,0.03253694623708725,0.017100119963288307,0.0002560550638008863,0.0007270575151778758,0.0001642945862840861,0.00031992446747608483
204,0.9,,0.1,,,,,,,,,,,,7.0,0.0020728912204504013,0.9584616422653198,0.06885531544685364,0.6372485160827637,-0.18853333592414856,-0.16472309827804565,-0.13760274648666382,-0.10786260664463043,0.29291021823883057,-0.004368513822555542,-0.0037230253219604492,-0.006627529859542847,-0.002442777156829834,-0.012524545192718506,-9.453296661376953e-05,0.001155257225036621,0.17242570221424103,0.12188015878200531,0.05844910442829132,0.0630633607506752,0.16097426414489746,0.0808396264910698,0.11162840574979782,0.03453514352440834,0.0465153269469738,0.010682804509997368,0.04479707032442093,0.016042163595557213,0.0003996935556642711,0.0009958429727703333,0.00012864173913840204,0.00027087246417067945,0.17778491973876953,0.07287994027137756,0.10517536848783493,0.0440281443297863,0.04174753651022911,0.048890214413404465,0.038341257721185684,0.071518674492836,0.008676791563630104,0.01223563402891159,0.0294395349919796,0.011918543837964535,0.00023391931608784944,0.0005723231006413698,0.00015879585407674313,0.00024698744527995586
205,0.75,,0.25,,,,,,,,,,,,7.0,0.0019169801380485296,0.9683346152305603,0.06639879941940308,0.6177752614021301,-0.1903604120016098,-0.16099992394447327,-0.13514837622642517,-0.1038988009095192,0.28364723920822144,-0.004900038242340088,0.003735661506652832,-0.002322286367416382,-0.002810359001159668,0.009841710329055786,-0.0007700026035308838,-0.005482077598571777,0.1502642184495926,0.12648418545722961,0.04315904527902603,0.041290633380413055,0.1794394552707672,0.0721835121512413,0.10243689268827438,0.0334034338593483,0.050763390958309174,0.014331817626953125,0.04136132076382637,0.016716402024030685,0.00036202921182848513,0.0008527998579666018,8.7273474491667e-05,0.0002920414844993502,0.17624564468860626,0.07974150776863098,0.09564878791570663,0.03241143375635147,0.048278357833623886,0.043495092540979385,0.03910774365067482,0.057838186621665955,0.008722866885364056,0.01610783115029335,0.026296868920326233,0.011572952382266521,0.0002463719283696264,0.0005143715534359217,0.00016854020941536874,0.00027796230278909206
206,0.5,,0.5,,,,,,,,,,,,7.0,0.0020298357121646404,0.9574158787727356,0.026981614530086517,0.5895081758499146,-0.1695573329925537,-0.13755863904953003,-0.10963974893093109,-0.07756683230400085,0.23918753862380981,0.00783124566078186,-0.0041349828243255615,0.005416065454483032,0.005567371845245361,-0.001453399658203125,0.005266427993774414,0.004949510097503662,0.2049032300710678,0.15405027568340302,0.053453803062438965,0.06458675861358643,0.16913272440433502,0.08335316926240921,0.11112328618764877,0.04785860702395439,0.052752405405044556,0.008731367997825146,0.04627498984336853,0.020003871992230415,0.0004588263400364667,0.0013262557331472635,0.00014512447523884475,0.0003941755276173353,0.20163513720035553,0.09412022680044174,0.1014479249715805,0.047814201563596725,0.04330889508128166,0.04658672586083412,0.0325147807598114,0.08127407729625702,0.009776301681995392,0.009796911850571632,0.03179982304573059,0.014662005938589573,0.00026124497526325285,0.00078270782250911,0.00015256412734743208,0.0002888044691644609
207,0.25,,0.75,,,,,,,,,,,,7.0,0.002120888326317072,0.9638345241546631,0.06653937697410583,0.6385034918785095,-0.19193440675735474,-0.16308224201202393,-0.1436578631401062,-0.11214989423751831,0.2913588285446167,0.001914680004119873,0.008348345756530762,-0.00016748905181884766,-0.003120124340057373,0.009126722812652588,-0.0015524625778198242,0.004449695348739624,0.17117011547088623,0.09577229619026184,0.05547385662794113,0.053344085812568665,0.16723479330539703,0.09315335750579834,0.12079454958438873,0.0477776974439621,0.05074978247284889,0.013712162151932716,0.046162739396095276,0.020315585657954216,0.0003825598396360874,0.0009937682189047337,0.00011604635074036196,0.00024577148724347353,0.1843864768743515,0.05964798107743263,0.1061529889702797,0.04061264544725418,0.03906865417957306,0.056130170822143555,0.040716785937547684,0.0855185016989708,0.006498874165117741,0.018271125853061676,0.03125029057264328,0.0149886105209589,0.0002292174904141575,0.0005824530962854624,0.0001669065677560866,0.0002519206318538636
208,0.1,,0.9,,,,,,,,,,,,7.0,0.0032989890314638615,0.9573872685432434,0.02206902951002121,0.5654969215393066,-0.15704771876335144,-0.13510946929454803,-0.10992178320884705,-0.06903362274169922,0.22605428099632263,0.0018950402736663818,0.008336752653121948,0.009096711874008179,0.012777328491210938,-0.0033292174339294434,-0.0021510720252990723,0.006384909152984619,0.1816188246011734,0.12460625916719437,0.05913790687918663,0.07158458232879639,0.16144464910030365,0.08027345687150955,0.1386353224515915,0.03879291191697121,0.045630693435668945,0.0090721370652318,0.06027946248650551,0.024573437869548798,0.0003852764202747494,0.0010993320029228926,0.0001427031820639968,0.0003180725034326315,0.1886504590511322,0.07606466114521027,0.12722602486610413,0.053628694266080856,0.04061602056026459,0.04791814088821411,0.04968369007110596,0.11195320636034012,0.007245544344186783,0.010915041901171207,0.04415774345397949,0.018053842708468437,0.00022856869327370077,0.0006429109489545226,0.00020840436627622694,0.00031439305166713893
209,0.9,,0.1,,,,,,,,,,,,11.0,0.0023805093951523304,0.942806601524353,0.00044831843115389347,0.5530803203582764,-0.15908975899219513,-0.1239440068602562,-0.09592880308628082,-0.05996991693973541,0.20284488797187805,0.008027434349060059,0.006933629512786865,0.00930243730545044,0.004499077796936035,-0.007045328617095947,0.0023332834243774414,0.008452743291854858,0.21504083275794983,0.16532999277114868,0.05449502915143967,0.07704704254865646,0.16336633265018463,0.08790922909975052,0.10998117923736572,0.037345919758081436,0.04845786839723587,0.010966241359710693,0.04972599074244499,0.02097787708044052,0.0004699986893683672,0.0015656673349440098,0.00011882453691214323,0.00036661940976046026,0.20506972074508667,0.10356838256120682,0.10657550394535065,0.05363472178578377,0.04168984293937683,0.04925207421183586,0.03499851003289223,0.08370213955640793,0.010182305239140987,0.00925721786916256,0.033114198595285416,0.01586502231657505,0.00026274999254383147,0.0009699937072582543,0.00016120205691549927,0.0003000001597683877
210,0.75,,0.25,,,,,,,,,,,,11.0,0.002284462796524167,0.9352571964263916,0.005306596867740154,0.5628024935722351,-0.17549772560596466,-0.14890408515930176,-0.1132287085056305,-0.07800374925136566,0.21059218049049377,0.0019396543502807617,-0.0014677643775939941,-0.0044103264808654785,-0.0013462603092193604,-0.004262089729309082,0.0018113255500793457,0.011888384819030762,0.18670371174812317,0.1265605390071869,0.04111623764038086,0.0478404201567173,0.1522243171930313,0.07377032935619354,0.09296865016222,0.05714575946331024,0.0464308001101017,0.011116988956928253,0.032494932413101196,0.01792190596461296,0.0004334741097409278,0.0011985693126916885,8.128152694553137e-05,0.00022979486675467342,0.18381406366825104,0.07722658663988113,0.07389958947896957,0.036688126623630524,0.03571271523833275,0.04359856992959976,0.025934625416994095,0.0636385828256607,0.005696315784007311,0.009442489594221115,0.023138897493481636,0.01289276871830225,0.00023488225997425616,0.0006879554130136967,0.00011367721890565008,0.00021182006457820535
211,0.5,,0.5,,,,,,,,,,,,11.0,0.002113237278535962,0.957935094833374,0.04118013381958008,0.6049294471740723,-0.183303102850914,-0.16010960936546326,-0.13351896405220032,-0.10312429070472717,0.2570996880531311,-0.004488945007324219,0.0004419982433319092,-0.005422651767730713,-0.0018561482429504395,-0.000935286283493042,-0.005074948072433472,-0.0030773580074310303,0.20149925351142883,0.13775011897087097,0.04950724169611931,0.05663667991757393,0.15595455467700958,0.08029299229383469,0.10343577712774277,0.03930574655532837,0.045413557440042496,0.011213304474949837,0.0438411608338356,0.02161451056599617,0.00041222941945306957,0.0012662317603826523,0.0001045370809151791,0.00029214395908638835,0.1940540224313736,0.08411723375320435,0.09468282759189606,0.04374419152736664,0.03842465206980705,0.045831285417079926,0.03494751453399658,0.0748155415058136,0.006443414371460676,0.008876216597855091,0.032028086483478546,0.015144139528274536,0.0002436021895846352,0.0007292194641195238,0.0001465814420953393,0.00025281691341660917
212,0.25,,0.75,,,,,,,,,,,,11.0,0.0028592473827302456,0.956641435623169,0.10403858125209808,0.5914444327354431,-0.19864577054977417,-0.17077553272247314,-0.15422537922859192,-0.1344110071659088,0.3065897524356842,0.01158672571182251,-0.008449196815490723,0.004694163799285889,0.00040468573570251465,0.0023822784423828125,0.00032851099967956543,-0.0007462501525878906,0.1446734517812729,0.11728238314390182,0.045280639082193375,0.03677188605070114,0.16222895681858063,0.06492037326097488,0.08009134232997894,0.024009570479393005,0.047028329223394394,0.01839285157620907,0.032027970999479294,0.010430914349853992,0.0003263344115111977,0.0007342389435507357,7.939465285744518e-05,0.00019250815967097878,0.1657443642616272,0.0724024623632431,0.07507724314928055,0.025758905336260796,0.0385504886507988,0.04033581539988518,0.0305462758988142,0.04182501882314682,0.004018308594822884,0.018832270056009293,0.02137736789882183,0.007784414570778608,0.00022932281717658043,0.0004598648811224848,0.00012693839380517602,0.0001759378210408613
213,0.1,,0.9,,,,,,,,,,,,11.0,0.0030479077249765396,0.9445253610610962,0.029572851955890656,0.5889936685562134,-0.19257044792175293,-0.15464526414871216,-0.12361469119787216,-0.09401072561740875,0.24122580885887146,0.010725229978561401,-0.0009869933128356934,-0.0172654390335083,-0.018649637699127197,0.011616736650466919,0.0024455785751342773,-0.008930802345275879,0.18004031479358673,0.15569822490215302,0.05436117947101593,0.07647700607776642,0.17377905547618866,0.07925723493099213,0.1218256801366806,0.04101623594760895,0.04821407049894333,0.01199045218527317,0.05154635012149811,0.02419753558933735,0.00038277689600363374,0.001152110518887639,0.00011412438470870256,0.000338409241521731,0.1904899626970291,0.09514924883842468,0.1143166571855545,0.05613073334097862,0.04290639981627464,0.0469791442155838,0.04199710488319397,0.08930790424346924,0.006934467703104019,0.0113312853500247,0.03473285213112831,0.017734713852405548,0.00023493831395171583,0.0006687078275717795,0.00017872537137009203,0.0003060916205868125
214,0.9,,0.1,,,,,,,,,,,,13.0,0.00256509892642498,0.9584184885025024,0.06262979656457901,0.6311981678009033,-0.19348661601543427,-0.1642446219921112,-0.13740567862987518,-0.11197993159294128,0.28530585765838623,0.006158977746963501,0.0022563934326171875,0.0016682446002960205,0.002143561840057373,0.0038817226886749268,0.0005497932434082031,-0.005313396453857422,0.18308840692043304,0.14490889012813568,0.05373965576291084,0.0652550458908081,0.15867967903614044,0.07474987208843231,0.11197767406702042,0.03891872614622116,0.043092019855976105,0.009127125144004822,0.04540592059493065,0.018240181729197502,0.00036984874168410897,0.00108258705586195,0.00011126605386380106,0.00026527888257987797,0.1824074536561966,0.08598499000072479,0.10384858399629593,0.047026362270116806,0.04049533233046532,0.04522417485713959,0.03693299740552902,0.08343766629695892,0.006156663876026869,0.008722998201847076,0.03287408500909805,0.013981073163449764,0.00023076091019902378,0.0006197494803927839,0.00016297319962177426,0.00026408093981444836
215,0.75,,0.25,,,,,,,,,,,,13.0,0.0017587088514119387,0.9645113945007324,0.11538662016391754,0.6037483215332031,-0.2155110388994217,-0.18606650829315186,-0.15407201647758484,-0.1336848884820938,0.32095035910606384,-0.008196055889129639,0.005484402179718018,0.014278918504714966,0.01675713062286377,-0.004324972629547119,0.0011151432991027832,0.018609285354614258,0.16967393457889557,0.140479177236557,0.05166717618703842,0.045876145362854004,0.16819924116134644,0.0657973513007164,0.09083056449890137,0.03236162289977074,0.04443133994936943,0.01067901961505413,0.03387005627155304,0.012134703807532787,0.0003441335866227746,0.0008703632629476488,8.84839246282354e-05,0.0002492053317837417,0.17852678894996643,0.0854765772819519,0.08476784825325012,0.032294053584337234,0.04794375225901604,0.038186509162187576,0.03366832062602043,0.04351437836885452,0.008373871445655823,0.014220205135643482,0.022844593971967697,0.008439145982265472,0.00024211470736190677,0.0005094251246191561,0.00013855125871486962,0.0002034935459960252
216,0.5,,0.5,,,,,,,,,,,,13.0,0.002620349172502756,0.9491739273071289,-0.00012062303721904755,0.5258893370628357,-0.15283796191215515,-0.11509504914283752,-0.08074195683002472,-0.04529295489192009,0.19238236546516418,0.0019927024841308594,0.0065940022468566895,0.009687483310699463,0.010337352752685547,0.007390797138214111,0.0049530863761901855,0.008269935846328735,0.19399842619895935,0.1564939022064209,0.05486472696065903,0.08705535531044006,0.17504511773586273,0.07716444879770279,0.14215700328350067,0.05703435838222504,0.05115685239434242,0.007523426786065102,0.06190091744065285,0.03207235410809517,0.000438248593127355,0.0014730710536241531,0.00012200717901578173,0.00040300138061866164,0.19698461890220642,0.09721106290817261,0.12417339533567429,0.06558821350336075,0.04476083815097809,0.042783912271261215,0.04364677146077156,0.10170825570821762,0.009454532526433468,0.008297496475279331,0.04077128320932388,0.02283225581049919,0.00024668266996741295,0.000867055612616241,0.00019095548486802727,0.00035627337638288736
217,0.25,,0.75,,,,,,,,,,,,13.0,0.0025390228256583214,0.9511440396308899,0.007872403599321842,0.5187674760818481,-0.13498473167419434,-0.10515288263559341,-0.07899542152881622,-0.03812532499432564,0.19671231508255005,-0.0033937692642211914,-0.0023328661918640137,0.002019256353378296,0.003848552703857422,-0.010999441146850586,-0.008937597274780273,-0.0037328898906707764,0.22676222026348114,0.1873847097158432,0.06396923214197159,0.08158159255981445,0.16172941029071808,0.09092819690704346,0.13091032207012177,0.05032021924853325,0.0487033873796463,0.012347803451120853,0.05787420645356178,0.024340741336345673,0.00045922177378088236,0.0015014717355370522,0.00014828948769718409,0.00041883820085786283,0.21164581179618835,0.11626696586608887,0.12481684982776642,0.0592302568256855,0.042275696992874146,0.05058139190077782,0.04000956565141678,0.1030086800456047,0.011110519990324974,0.00992866512387991,0.04026905074715614,0.018028706312179565,0.00025741165154613554,0.0008916414808481932,0.00019355068798176944,0.0003277727810200304
218,0.1,,0.9,,,,,,,,,,,,13.0,0.003807399421930313,0.9175994396209717,-0.0015499498695135117,0.4704868495464325,-0.13658159971237183,-0.1088462546467781,-0.0783039927482605,-0.04302152991294861,0.17084549367427826,0.013903498649597168,0.0021882951259613037,0.004370689392089844,0.003860294818878174,-0.001540064811706543,0.004457443952560425,0.007852703332901001,0.22654592990875244,0.21052776277065277,0.07881204038858414,0.10010919719934464,0.1427023857831955,0.07386524230241776,0.08917170017957687,0.02866998128592968,0.04051956534385681,0.007477919105440378,0.04000931605696678,0.015153039246797562,0.00045272294664755464,0.0014764175284653902,0.00011788274423452094,0.00041066715493798256,0.2011222541332245,0.1274842768907547,0.10446258634328842,0.06353865563869476,0.03759464621543884,0.04447513818740845,0.027507342398166656,0.06239669397473335,0.010610343888401985,0.007290304638445377,0.028389638289809227,0.01282020565122366,0.0002498449175618589,0.0008816575864329934,0.00014737220772076398,0.0003113953280262649
219,0.9,,0.1,,,,,,,,,,,,17.0,0.001825365237891674,0.9577078819274902,0.05497738718986511,0.6220946311950684,-0.1881706416606903,-0.15948572754859924,-0.13448405265808105,-0.09757115691900253,0.27532607316970825,0.007399916648864746,-0.008638620376586914,-0.00941312313079834,-0.008296191692352295,0.01039549708366394,0.004474610090255737,-0.00888979434967041,0.19953319430351257,0.13266350328922272,0.06605106592178345,0.08202303946018219,0.17401717603206635,0.10290441662073135,0.14282181859016418,0.05497347190976143,0.04816610366106033,0.01201679464429617,0.05773169919848442,0.030169958248734474,0.00040537200402468443,0.0011394259054213762,0.00016526863328181207,0.0005320092313922942,0.20016534626483917,0.08424834161996841,0.13484223186969757,0.06259164959192276,0.04727659001946449,0.05809031426906586,0.047825805842876434,0.11325369030237198,0.010164001025259495,0.01164672989398241,0.04226640611886978,0.02255014330148697,0.0002506442542653531,0.0006950403330847621,0.00021717384515795857,0.00042871286859735847
220,0.75,,0.25,,,,,,,,,,,,17.0,0.002447886858135462,0.9445741772651672,-0.0034036291763186455,0.5116560459136963,-0.14275279641151428,-0.11789290606975555,-0.08141326904296875,-0.04042898491024971,0.18439534306526184,-0.001388251781463623,0.005460202693939209,-0.009214401245117188,-0.009976744651794434,-0.0014660954475402832,0.002868056297302246,-0.0008838772773742676,0.24201026558876038,0.21244758367538452,0.0720507875084877,0.10033242404460907,0.1366432160139084,0.09384670108556747,0.12286368757486343,0.0461454838514328,0.046375710517168045,0.007890821434557438,0.05494225397706032,0.01902017369866371,0.0004975763149559498,0.0016765492036938667,0.0001555143971927464,0.0005070831393823028,0.21370074152946472,0.1300041824579239,0.1235116496682167,0.06569686532020569,0.032058730721473694,0.05012176185846329,0.037471704185009,0.08527661859989166,0.011910341680049896,0.008712248876690865,0.037513747811317444,0.01552265603095293,0.000267322437139228,0.0010009764228016138,0.00018726452253758907,0.0003410177887417376
221,0.5,,0.5,,,,,,,,,,,,17.0,0.0023568938486278057,0.9641857147216797,0.11365872621536255,0.6424339413642883,-0.221049964427948,-0.1870989054441452,-0.1595243215560913,-0.1461791843175888,0.33361387252807617,-0.0009559988975524902,0.00152587890625,-0.00046318769454956055,0.0002040565013885498,0.0038437843322753906,-0.0009653866291046143,-0.0029823482036590576,0.133745938539505,0.10266442596912384,0.04233729839324951,0.032385002821683884,0.17698034644126892,0.07486868649721146,0.08467341214418411,0.025500260293483734,0.05341986194252968,0.017397232353687286,0.0323418527841568,0.011832088232040405,0.00033418097882531583,0.0007416958105750382,8.69765572133474e-05,0.00019348098430782557,0.1674138605594635,0.06636856496334076,0.07805217802524567,0.024310490116477013,0.044706493616104126,0.04407813027501106,0.03309551998972893,0.039769310504198074,0.007274283096194267,0.02179991453886032,0.020423458889126778,0.007957938127219677,0.0002335449680685997,0.00045492543722502887,0.00013319120625965297,0.0001799695019144565
222,0.25,,0.75,,,,,,,,,,,,17.0,0.002579095773398876,0.9412804841995239,0.013086315244436264,0.5366535186767578,-0.17235368490219116,-0.1282845139503479,-0.09880147874355316,-0.06607259064912796,0.20771744847297668,0.006956517696380615,-0.010329008102416992,0.003959149122238159,0.004857182502746582,0.007244139909744263,0.0029406845569610596,-0.006666719913482666,0.2037668526172638,0.14859865605831146,0.05692928656935692,0.07025065273046494,0.16378287971019745,0.07418877631425858,0.10059615224599838,0.04136619344353676,0.044544871896505356,0.013290316797792912,0.04313109815120697,0.02494877763092518,0.00044525638804771006,0.00119372783228755,0.00011698783782776445,0.00032917148200795054,0.19961640238761902,0.09122443199157715,0.10018062591552734,0.052984923124313354,0.04158066213130951,0.04347779229283333,0.03190220892429352,0.07630113512277603,0.007918118499219418,0.011724286712706089,0.02974005788564682,0.01700199767947197,0.00025592910242266953,0.0006927512004040182,0.00014795688912272453,0.00036163386539556086
223,0.1,,0.9,,,,,,,,,,,,17.0,0.0019265161827206612,0.9630842804908752,0.04592391848564148,0.6092572212219238,-0.17937685549259186,-0.15022645890712738,-0.12619704008102417,-0.10175149142742157,0.2628609240055084,0.00044649839401245117,-0.0007918477058410645,-0.0017223060131072998,0.001376718282699585,0.003917098045349121,-0.00838238000869751,-0.005342423915863037,0.15660956501960754,0.13188648223876953,0.057613834738731384,0.0539742074906826,0.1851232796907425,0.08048922568559647,0.12776154279708862,0.03793856129050255,0.05229262635111809,0.017169170081615448,0.05029328912496567,0.02028581313788891,0.0003559770993888378,0.0009209790150634944,0.00011634387192316353,0.0003704052069224417,0.1837981641292572,0.08259813487529755,0.12168650329113007,0.042190197855234146,0.049969617277383804,0.04827278479933739,0.04959598556160927,0.07644399255514145,0.008495470508933067,0.017453912645578384,0.03245912864804268,0.01489367987960577,0.0002447434817440808,0.0005496553494594991,0.00021319209190551192,0.0003712692705448717
224,0.9,,0.1,,,,,,,,,,,,18.0,0.0021330900490283966,0.9543407559394836,0.05138810724020004,0.6280913352966309,-0.18458081781864166,-0.16329240798950195,-0.13643693923950195,-0.10911349207162857,0.2743649184703827,-0.007243335247039795,-0.0005362331867218018,-0.01954120397567749,-0.010545730590820312,0.005148261785507202,0.004190355539321899,-0.0028069019317626953,0.18716977536678314,0.14407777786254883,0.059338659048080444,0.06851670145988464,0.15634532272815704,0.06745193898677826,0.11210533231496811,0.033124156296253204,0.04311744123697281,0.0067943911999464035,0.04654897376894951,0.017231950536370277,0.00038182048592716455,0.001051365747116506,0.00012386431626509875,0.00027367559960111976,0.18657349050045013,0.08520441502332687,0.10915930569171906,0.04727381840348244,0.03989080712199211,0.04275089502334595,0.037738118320703506,0.08084916323423386,0.007138224318623543,0.0067045618779957294,0.030715802684426308,0.01364778634160757,0.0002280154440086335,0.0006076066056266427,0.00015955114213284105,0.00024129246594384313
225,0.75,,0.25,,,,,,,,,,,,18.0,0.0019541794899851084,0.9668258428573608,0.1494038701057434,0.639419674873352,-0.23032528162002563,-0.2038584053516388,-0.1781368851661682,-0.1665843278169632,0.36355164647102356,-0.0008627176284790039,-0.004186689853668213,-0.01055973768234253,-0.011303842067718506,0.0013314485549926758,-0.00447690486907959,-0.0010039210319519043,0.15251635015010834,0.11713030934333801,0.05057276785373688,0.041075531393289566,0.17980606853961945,0.07245439291000366,0.0979238972067833,0.030468611046671867,0.05131116881966591,0.013386073522269726,0.03792388364672661,0.011694882065057755,0.0003492778050713241,0.000830839155241847,0.00010324462346034124,0.00025554379681125283,0.17327381670475006,0.07298652082681656,0.09167855232954025,0.029393378645181656,0.05229918286204338,0.042735837399959564,0.03801615163683891,0.0487595833837986,0.010678895749151707,0.018963273614645004,0.02475256845355034,0.008515127003192902,0.000245957839069888,0.0004954934120178223,0.00015823025023564696,0.00020446194685064256
226,0.5,,0.5,,,,,,,,,,,,18.0,0.0017841220833361149,0.9664996266365051,0.13243398070335388,0.5861506462097168,-0.18879425525665283,-0.16147878766059875,-0.14011070132255554,-0.11907554417848587,0.32931703329086304,0.009095430374145508,0.01027768850326538,-0.005095094442367554,-0.0019471049308776855,-0.002364635467529297,-0.005692183971405029,-0.01047372817993164,0.12036825716495514,0.09948430955410004,0.05070666968822479,0.04085223376750946,0.19255392253398895,0.0765128806233406,0.10962744802236557,0.029955992475152016,0.059146374464035034,0.0191145371645689,0.0418868251144886,0.012507460080087185,0.00033277683542110026,0.0007506477413699031,0.00011551521311048418,0.00028152758022770286,0.16237306594848633,0.061983685940504074,0.09827130287885666,0.02904006466269493,0.054441891610622406,0.04712740704417229,0.04347273334860802,0.05585465952754021,0.011804639361798763,0.024470752105116844,0.0285456832498312,0.00872944388538599,0.00024230036069639027,0.00044804721255786717,0.00019437780429143459,0.00023071096802596003
227,0.25,,0.75,,,,,,,,,,,,18.0,0.0024504484608769417,0.9652119278907776,0.14131595194339752,0.5798344016075134,-0.1821814477443695,-0.15669846534729004,-0.1367158591747284,-0.12091052532196045,0.3346996307373047,-0.0030705928802490234,-1.6897916793823242e-05,-0.0038117170333862305,-0.0015794634819030762,0.00876009464263916,-0.014155149459838867,0.0011116564273834229,0.1516483575105667,0.11421307921409607,0.06517540663480759,0.05418109521269798,0.18810859322547913,0.07972217351198196,0.12549945712089539,0.04146334156394005,0.048738472163677216,0.019236966967582703,0.04438527300953865,0.015374402515590191,0.00035573405330069363,0.0008893006597645581,0.0001347270153928548,0.00036757110501639545,0.1779252141714096,0.07106169313192368,0.1141410544514656,0.03846244513988495,0.052839137613773346,0.0458294153213501,0.04614657163619995,0.06593281030654907,0.007683040574193001,0.022304808720946312,0.0286954827606678,0.011270361952483654,0.00024456437677145004,0.0005219543818384409,0.00020378957560751587,0.00029018879286013544
228,0.1,,0.9,,,,,,,,,,,,18.0,0.0027114800177514553,0.9465194940567017,-0.002991744317114353,0.5501669645309448,-0.14702042937278748,-0.11932650953531265,-0.09648077934980392,-0.053532782942056656,0.19876772165298462,0.002820909023284912,0.006856441497802734,0.0011074841022491455,0.004468053579330444,-0.007332801818847656,0.004892855882644653,0.004986315965652466,0.20294058322906494,0.1675860434770584,0.05960645526647568,0.07661443203687668,0.16175229847431183,0.08919799327850342,0.131304532289505,0.05065315589308739,0.047245487570762634,0.012461691163480282,0.05791129916906357,0.023740040138363838,0.00043713062768802047,0.001507531269453466,0.0001242816069861874,0.00035023302189074457,0.1939813643693924,0.10414785891771317,0.12267502397298813,0.05637780949473381,0.04324692115187645,0.04773680493235588,0.03888460248708725,0.09584129601716995,0.011137163266539574,0.01002060528844595,0.042819827795028687,0.01818665862083435,0.00024560483871027827,0.0009027168271131814,0.00019565968250390142,0.0003217416233383119
229,0.9,,0.1,,,,,,,,,,,,19.0,0.002199593000113964,0.9506257772445679,0.039620861411094666,0.5977350473403931,-0.17958703637123108,-0.15281406044960022,-0.1314118504524231,-0.10156500339508057,0.2531471252441406,-0.0012389719486236572,-0.004899799823760986,-0.0030374526977539062,-0.0018347203731536865,0.00533139705657959,-0.005773723125457764,-0.0007336139678955078,0.20727810263633728,0.16560983657836914,0.08188018202781677,0.08834225684404373,0.15959176421165466,0.08839728683233261,0.15304984152317047,0.07067058980464935,0.04029592126607895,0.006655334495007992,0.05642146244645119,0.022721730172634125,0.0003919443697668612,0.0013432319974526763,0.0001492427400080487,0.0003597289614845067,0.19070804119110107,0.09860633313655853,0.13969743251800537,0.06259912252426147,0.04649347439408302,0.050542473793029785,0.04609645903110504,0.10213180631399155,0.010075309313833714,0.006624126341193914,0.039889272302389145,0.017760764807462692,0.0002369444991927594,0.0007758763385936618,0.00021020194981247187,0.00032025351538322866
230,0.75,,0.25,,,,,,,,,,,,19.0,0.0021983205806463957,0.9674929976463318,0.14543575048446655,0.5657463669776917,-0.1862775832414627,-0.15768218040466309,-0.1397397816181183,-0.11995212733745575,0.3330991864204407,-0.007937729358673096,0.00458863377571106,-0.01059812307357788,-0.006407439708709717,0.00751495361328125,-0.0015737712383270264,-0.008830904960632324,0.13887417316436768,0.1116085797548294,0.040921650826931,0.0341758131980896,0.18553408980369568,0.07399579137563705,0.0903666689991951,0.03386521339416504,0.05225740000605583,0.015399792231619358,0.03147629648447037,0.010331067256629467,0.0003389364865142852,0.0008142032311297953,8.619362051831558e-05,0.00022316921968013048,0.1668080985546112,0.06877770274877548,0.07388468831777573,0.02461804449558258,0.05343467742204666,0.043849680572748184,0.03277474641799927,0.04139875993132591,0.010369778610765934,0.019292153418064117,0.020898941904306412,0.00710998335853219,0.0002465132565703243,0.00048267480451613665,0.0001288177736569196,0.00018322978576179594
231,0.5,,0.5,,,,,,,,,,,,19.0,0.002052669646218419,0.9605247974395752,0.01989540085196495,0.5685410499572754,-0.16513457894325256,-0.13465268909931183,-0.10260038077831268,-0.06949131190776825,0.2253110408782959,-0.0004069209098815918,-0.0006404519081115723,0.0024389922618865967,0.004539459943771362,0.012371629476547241,-0.009437143802642822,-0.0116310715675354,0.21001827716827393,0.1702229231595993,0.05977625399827957,0.0788121372461319,0.15736378729343414,0.09766235202550888,0.12073759734630585,0.04842458292841911,0.05008620396256447,0.008761790581047535,0.05118679255247116,0.025024689733982086,0.0004617311933543533,0.001633540028706193,0.0001584320270922035,0.00043608705163933337,0.2024352103471756,0.10578392446041107,0.11219798773527145,0.05720091983675957,0.038404431194067,0.05033354088664055,0.03832704573869705,0.08787981420755386,0.009890442714095116,0.007874712347984314,0.03444374352693558,0.01798730343580246,0.00025842239847406745,0.0009853217052295804,0.00017320818733423948,0.0003476822457741946
232,0.25,,0.75,,,,,,,,,,,,19.0,0.002040138002485037,0.9643664956092834,0.033004362136125565,0.5747997164726257,-0.16386565566062927,-0.14212659001350403,-0.11017501354217529,-0.07248574495315552,0.23900620639324188,-0.0016925334930419922,-0.004784941673278809,-0.013682425022125244,-0.012214124202728271,0.010636717081069946,0.0024085640907287598,-0.006044328212738037,0.16394175589084625,0.13260598480701447,0.06772785633802414,0.07296270877122879,0.16758543252944946,0.07804218679666519,0.1446831375360489,0.06409315019845963,0.04500233381986618,0.00871327705681324,0.05352205038070679,0.023977870121598244,0.00034577370388433337,0.0009161708876490593,0.00012974800483789295,0.0003552496782504022,0.17725048959255219,0.08008130639791489,0.12794345617294312,0.054319240152835846,0.04490482434630394,0.046317894011735916,0.047758691012859344,0.10489759594202042,0.007625153753906488,0.010502834804356098,0.037472158670425415,0.01764756068587303,0.00022236912627704442,0.0005350957508198917,0.00021611146803479642,0.00034584852983243763
233,0.1,,0.9,,,,,,,,,,,,19.0,0.0023621520958840847,0.9623947143554688,0.04286269471049309,0.6071670055389404,-0.18617534637451172,-0.1610378921031952,-0.13580593466758728,-0.10531516373157501,0.2593553066253662,0.0018053054809570312,0.011331439018249512,-0.006506025791168213,-0.005590975284576416,0.002019226551055908,0.006930023431777954,0.0067710280418396,0.18616987764835358,0.1282283216714859,0.05479574576020241,0.06147301197052002,0.16472436487674713,0.09173022210597992,0.1117231696844101,0.04126783832907677,0.048755038529634476,0.010360011830925941,0.044004783034324646,0.020287469029426575,0.0003898823633790016,0.0012231520377099514,0.00011475157225504518,0.00033646071096882224,0.18906402587890625,0.07827820628881454,0.09977767616510391,0.04548246040940285,0.04243767634034157,0.05498626455664635,0.04126443713903427,0.0859784334897995,0.007488002069294453,0.011555233970284462,0.03567259758710861,0.01481501292437315,0.000233276208746247,0.0007162787951529026,0.00016240999684669077,0.000278006395092234
234,0.9,,0.1,,,,,,,,,,,,20.0,0.0018505409825593233,0.9696455001831055,0.1145891323685646,0.6580188870429993,-0.2149965912103653,-0.1903470754623413,-0.17272232472896576,-0.1498289704322815,0.34010496735572815,-0.0020980536937713623,0.002713441848754883,0.004885613918304443,0.005454689264297485,0.0021492838859558105,0.0009679496288299561,0.010387986898422241,0.14204102754592896,0.10021823644638062,0.05160703510046005,0.040115561336278915,0.17273291945457458,0.07427745312452316,0.10169357806444168,0.02707778848707676,0.05123274400830269,0.016044165939092636,0.04011257737874985,0.011603888124227524,0.00032174077932722867,0.0007671458879485726,9.872290684143081e-05,0.00023471233726013452,0.17053081095218658,0.06096998602151871,0.09658917784690857,0.028434937819838524,0.042940620332956314,0.04710022360086441,0.04004789888858795,0.05169447511434555,0.0065622455440461636,0.02086675353348255,0.02746238186955452,0.00806282740086317,0.00022617229842580855,0.0004410632827784866,0.00017253219266422093,0.00019966978288721293
235,0.75,,0.25,,,,,,,,,,,,20.0,0.001923894975334406,0.9561015367507935,0.0529671236872673,0.6084113121032715,-0.1858011782169342,-0.1616082638502121,-0.12789687514305115,-0.08988945931196213,0.2685692608356476,0.004563480615615845,0.0032553672790527344,0.0036067962646484375,0.007883578538894653,-0.0007053613662719727,0.0031415820121765137,0.0021295547485351562,0.18007101118564606,0.15565598011016846,0.06679065525531769,0.08384041488170624,0.1820191740989685,0.08022411912679672,0.1468670517206192,0.051530539989471436,0.04715129733085632,0.012813600711524487,0.05837485194206238,0.027159327641129494,0.00037393689854070544,0.001054353779181838,0.00014514010399580002,0.0004298835701774806,0.1923724114894867,0.09573595970869064,0.1343885362148285,0.06237878277897835,0.04959312453866005,0.04654424637556076,0.054344043135643005,0.11022243648767471,0.009650343097746372,0.011928290128707886,0.040218476206064224,0.019255559891462326,0.00024362755357287824,0.0006110427784733474,0.00021953856048639864,0.00039762211963534355
236,0.5,,0.5,,,,,,,,,,,,20.0,0.001707518007606268,0.974647581577301,0.20488552749156952,0.5324419140815735,-0.18519681692123413,-0.1548805832862854,-0.1366632580757141,-0.10964816063642502,0.37240540981292725,0.005826205015182495,0.00235709547996521,-0.0029909610748291016,-0.0028963685035705566,-0.00036713480949401855,-0.0044097900390625,-0.01513528823852539,0.16943742334842682,0.1176052987575531,0.06750462204217911,0.044841911643743515,0.1930512636899948,0.06652875244617462,0.10506734997034073,0.025705352425575256,0.05481933429837227,0.00916972290724516,0.0418461374938488,0.013791062869131565,0.0003596654860302806,0.0008370007271878421,0.0001420876942574978,0.00033249607076868415,0.1743430495262146,0.06931884586811066,0.10139056295156479,0.030708562582731247,0.06964527070522308,0.03881065919995308,0.04483861103653908,0.04330562800168991,0.019778309389948845,0.013330284506082535,0.0281907320022583,0.00964605063199997,0.0002644911874085665,0.00048151289229281247,0.00018325852579437196,0.0002406775893177837
237,0.25,,0.75,,,,,,,,,,,,20.0,0.002531586214900017,0.9566881060600281,0.034194570034742355,0.5989010334014893,-0.1783106029033661,-0.14226405322551727,-0.1152648851275444,-0.08324457705020905,0.24884560704231262,0.0016622543334960938,-0.0011370182037353516,0.00478053092956543,0.009962469339370728,-0.012288093566894531,-0.00696796178817749,-0.010529100894927979,0.20179876685142517,0.14567457139492035,0.07678688317537308,0.08199898153543472,0.16507823765277863,0.08923307806253433,0.12448696792125702,0.044515226036310196,0.04904637113213539,0.015364847145974636,0.055482953786849976,0.02502625249326229,0.0004884499940089881,0.0012927454663440585,0.00023630938085261732,0.00048162194434553385,0.20161831378936768,0.08940842747688293,0.13156647980213165,0.059468209743499756,0.04075693339109421,0.051953524351119995,0.038879070430994034,0.09496993571519852,0.010224304161965847,0.014696698635816574,0.033879272639751434,0.01712077669799328,0.0002622322062961757,0.0007482616929337382,0.00019525957759469748,0.0003599215706344694
238,0.1,,0.9,,,,,,,,,,,,20.0,0.002341682091355324,0.9594799280166626,0.10874705016613007,0.6333232522010803,-0.22116076946258545,-0.19014693796634674,-0.1722935140132904,-0.16151642799377441,0.3260038495063782,0.006834834814071655,-0.0046103596687316895,0.010799169540405273,0.009192109107971191,0.009144008159637451,0.0042005181312561035,0.0030434727668762207,0.18791814148426056,0.1597965657711029,0.04383593797683716,0.04115024954080582,0.15448427200317383,0.05688275024294853,0.07782144844532013,0.022033842280507088,0.038699958473443985,0.008992168121039867,0.029026558622717857,0.009275407530367374,0.0003435357357375324,0.0009765815921127796,7.368415390374139e-05,0.0001779318117769435,0.1891406774520874,0.0933040976524353,0.07244110107421875,0.02925143763422966,0.03757752478122711,0.03816354274749756,0.03023335337638855,0.030038170516490936,0.004818016663193703,0.009293402545154095,0.01740914024412632,0.006708045024424791,0.0002379286743234843,0.0005602469318546355,0.00011010254092980176,0.00014632318925578147
239,0.9,,,0.1,,,,,,,,,,,0.0,0.0016593049513176084,0.9669721126556396,0.293381929397583,0.5393927097320557,-0.22034403681755066,-0.18790149688720703,-0.17576748132705688,-0.1675645112991333,0.451596200466156,0.004819035530090332,-0.0014099478721618652,0.0027419328689575195,0.0004928708076477051,-0.00840747356414795,-0.0028257668018341064,-0.009669482707977295,0.1620645523071289,0.09693153947591782,0.05692022293806076,0.032022953033447266,0.18172423541545868,0.07192786037921906,0.0816636011004448,0.011628297157585621,0.048075344413518906,0.019505469128489494,0.0370543971657753,0.006744610145688057,0.0003561947960406542,0.0007205293513834476,0.00012459419667720795,0.00022857592557556927,0.17810554802417755,0.060973428189754486,0.08818847686052322,0.02136663906276226,0.054377440363168716,0.042117640376091,0.036849621683359146,0.03311017528176308,0.010567446239292622,0.02587255649268627,0.024120355024933815,0.005165636073797941,0.00025462094345130026,0.0004434013972058892,0.00015732696920167655,0.00014559770352207124
240,0.75,,,0.25,,,,,,,,,,,0.0,0.001363090705126524,0.9623087644577026,0.0243851188570261,0.5936019420623779,-0.17302954196929932,-0.1393081545829773,-0.11124564707279205,-0.07203660905361176,0.23837584257125854,0.007072806358337402,-0.002504706382751465,-0.0015400052070617676,-0.003587186336517334,0.010296612977981567,0.0008963346481323242,-0.015781819820404053,0.22170455753803253,0.174724280834198,0.06363911926746368,0.08313022553920746,0.16284675896167755,0.08000171184539795,0.1453067809343338,0.055546119809150696,0.047857366502285004,0.008827422745525837,0.059697557240724564,0.03365323692560196,0.0004458730691112578,0.001362876151688397,0.0001369697565678507,0.00038763033808209,0.20948061347007751,0.10714387148618698,0.1226758137345314,0.06571528315544128,0.04269692301750183,0.04690278321504593,0.05697914958000183,0.11304771155118942,0.010031594894826412,0.009510204195976257,0.04912802577018738,0.022531723603606224,0.00024587404914200306,0.0007771218661218882,0.0001993403711821884,0.00038138398667797446
241,0.5,,,0.5,,,,,,,,,,,0.0,0.0015101144090294838,0.9561813473701477,0.03939500451087952,0.5578114986419678,-0.16316789388656616,-0.13918760418891907,-0.11481764912605286,-0.076676145195961,0.23830753564834595,0.00577053427696228,0.0029639899730682373,-0.0057412683963775635,-0.0033710896968841553,0.00021946430206298828,-0.0009115040302276611,0.006625622510910034,0.25066471099853516,0.21529842913150787,0.06926212459802628,0.07962144166231155,0.14736290276050568,0.07875693589448929,0.09840798377990723,0.041539762169122696,0.04751851409673691,0.00775771401822567,0.03877825662493706,0.015029258094727993,0.0004424386424943805,0.0013553249882534146,0.00014422056847251952,0.0005062693962827325,0.2195754051208496,0.12890496850013733,0.09774885326623917,0.0510457307100296,0.037677254527807236,0.045293811708688736,0.03069533035159111,0.0642278864979744,0.010835614055395126,0.00850258581340313,0.02814897894859314,0.01075968611985445,0.0002534856030251831,0.0007958393543958664,0.0001429596304660663,0.00028943040524609387
242,0.25,,,0.75,,,,,,,,,,,0.0,0.0015537290601059794,0.9635921120643616,0.042919956147670746,0.6140434741973877,-0.2019117772579193,-0.16493237018585205,-0.13660873472690582,-0.10304370522499084,0.2619580626487732,-0.006392180919647217,0.00864189863204956,-0.002472132444381714,-0.00438198447227478,-0.00032714009284973145,0.0009623169898986816,-0.006201118230819702,0.1601373702287674,0.13350950181484222,0.04915368929505348,0.05535323917865753,0.17152437567710876,0.07682211697101593,0.10739250481128693,0.039112336933612823,0.04718955606222153,0.015305247157812119,0.0428636334836483,0.0192719753831625,0.0003508536610752344,0.0009628375410102308,9.400574344908819e-05,0.0002876936923712492,0.18167898058891296,0.08218594640493393,0.09881641715765,0.04143470898270607,0.04006968066096306,0.04637891799211502,0.0398763008415699,0.06895557045936584,0.005015387665480375,0.015332686714828014,0.027841806411743164,0.012666715309023857,0.00023111564223654568,0.0005419267108663917,0.00016164292173925787,0.0002653734409250319
243,0.1,,,0.9,,,,,,,,,,,0.0,0.0019460238981992006,0.9573382139205933,0.03577450290322304,0.6012924909591675,-0.1936454474925995,-0.1703546941280365,-0.14008648693561554,-0.10760386288166046,0.25106990337371826,0.004436492919921875,-0.0016072988510131836,0.0022785961627960205,0.00404694676399231,-0.006789147853851318,0.011141031980514526,-0.0009175539016723633,0.19002029299736023,0.13340315222740173,0.05293156951665878,0.060588959604501724,0.16853605210781097,0.08805374056100845,0.11576022952795029,0.04547109082341194,0.04694287106394768,0.014078761450946331,0.047957126051187515,0.025909850373864174,0.00039207475492730737,0.001131882076151669,0.00011362459190422669,0.00027747167041525245,0.19270241260528564,0.08301419019699097,0.10605569928884506,0.04885154962539673,0.04367127642035484,0.051462505012750626,0.03913263604044914,0.08372160792350769,0.006820141337811947,0.012985842302441597,0.03486862778663635,0.018000805750489235,0.00024256347387563437,0.0006612125434912741,0.0001650082995183766,0.0003033792308997363
244,0.9,,,0.1,,,,,,,,,,,5.0,0.00125124491751194,0.9663383364677429,0.13246503472328186,0.5949663519859314,-0.20176711678504944,-0.16963721811771393,-0.1507103443145752,-0.12666793167591095,0.3325706124305725,-0.006070762872695923,-0.014980614185333252,9.73045825958252e-05,-0.0004958510398864746,0.012992441654205322,0.0026248693466186523,0.0058217644691467285,0.15290887653827667,0.13010174036026,0.046532705426216125,0.040034253150224686,0.18590852618217468,0.07062926888465881,0.08984475582838058,0.027570702135562897,0.049984365701675415,0.013593442738056183,0.03557393327355385,0.013363015837967396,0.0003530894755385816,0.0008582476293668151,9.431637590751052e-05,0.00025424311752431095,0.17622946202754974,0.07919030636548996,0.08260320127010345,0.028818076476454735,0.05415963754057884,0.043367497622966766,0.03506153076887131,0.0430336520075798,0.009701014496386051,0.016819089651107788,0.021971244364976883,0.008974970318377018,0.0002480325347278267,0.0005036137881688774,0.00013712122745346278,0.00020547161693684757
245,0.75,,,0.25,,,,,,,,,,,5.0,0.0011496166698634624,0.15290820598602295,0.17443421483039856,0.5830151438713074,-0.22960975766181946,-0.20241136848926544,-0.1985028237104416,-0.22987568378448486,0.3645296096801758,-0.00040906667709350586,0.004118502140045166,0.004140138626098633,0.01030835509300232,0.006973773241043091,-0.0013303756713867188,0.006599247455596924,0.24626745283603668,0.21612174808979034,0.10045380890369415,0.07899914681911469,0.14240825176239014,0.050993409007787704,0.08154953271150589,0.03087618388235569,0.03059043362736702,0.0006349123432300985,0.022878797724843025,0.006338914390653372,0.0003509310190565884,0.0010642469860613346,0.00017191488586831838,0.0004653973155654967,0.21406030654907227,0.12554648518562317,0.0968124195933342,0.05076092109084129,0.03953776881098747,0.03229091316461563,0.02963879145681858,0.029379064217209816,0.004019227344542742,0.0011994624510407448,0.009436093270778656,0.0055985227227211,0.0002151457592844963,0.0006175801390781999,0.00012696327758021653,0.00029282475588843226
246,0.5,,,0.5,,,,,,,,,,,5.0,0.001492150011472404,0.03284751623868942,0.14613142609596252,0.6034337282180786,-0.21949432790279388,-0.18847963213920593,-0.18998491764068604,-0.20994435250759125,0.3474727272987366,-0.005086332559585571,-0.00504496693611145,0.008280009031295776,0.012542933225631714,-8.64267349243164e-06,0.0008137822151184082,-0.0008010566234588623,0.21640658378601074,0.16557392477989197,0.09869737923145294,0.07069050520658493,0.14537647366523743,0.05296051874756813,0.07089589536190033,0.021332720294594765,0.0324840173125267,0.006482965312898159,0.022084299474954605,0.006231996696442366,0.000362913851859048,0.0009828615002334118,0.00017773130093701184,0.00044938200153410435,0.1954132318496704,0.09882509708404541,0.09379541128873825,0.04552029073238373,0.04077025130391121,0.034156568348407745,0.025326434522867203,0.024537598714232445,0.00323988008312881,0.006071554962545633,0.009924115613102913,0.005137775558978319,0.00021977596043143421,0.0005719985929317772,0.00013021967606619,0.000270048069069162
247,0.25,,,0.75,,,,,,,,,,,5.0,0.0020464006811380386,0.9633371233940125,0.06950754672288895,0.5922480821609497,-0.1972927749156952,-0.16736769676208496,-0.14005832374095917,-0.11607691645622253,0.27695417404174805,-0.00038111209869384766,-0.007798314094543457,0.001483827829360962,-0.00010436773300170898,-0.0005395412445068359,-0.012103378772735596,-0.000773698091506958,0.20460034906864166,0.1426878124475479,0.06742020696401596,0.08246423304080963,0.17092467844486237,0.08011292666196823,0.14294472336769104,0.05415557697415352,0.04326405003666878,0.012072421610355377,0.05733691155910492,0.030827723443508148,0.00039086403558030725,0.0010889347176998854,0.00014666994684375823,0.0003954195126425475,0.20401416718959808,0.08723834156990051,0.13458433747291565,0.06340165436267853,0.044424645602703094,0.048448581248521805,0.049801189452409744,0.10238499194383621,0.007414037361741066,0.013222797773778439,0.039977557957172394,0.021704109385609627,0.00024185721122194082,0.0006198799819685519,0.00020305768703110516,0.00039910757914185524
248,0.1,,,0.9,,,,,,,,,,,5.0,0.001323007047176361,0.01951673813164234,0.2094944715499878,0.6382155418395996,-0.2727317214012146,-0.2417060285806656,-0.23520761728286743,-0.25975871086120605,0.4151400029659271,0.0018765628337860107,-0.0014659762382507324,0.007183760404586792,0.0064029693603515625,-0.008693575859069824,-0.004242122173309326,0.003470897674560547,0.21509066224098206,0.15363994240760803,0.1054241880774498,0.0763263925909996,0.16738280653953552,0.08707486838102341,0.1247386485338211,0.059273216873407364,0.033796146512031555,0.0072064087726175785,0.029602719470858574,0.007658832240849733,0.0003465547924861312,0.0009328245650976896,0.00016946371761150658,0.000390333792893216,0.19938790798187256,0.09080895036458969,0.11086701601743698,0.045320555567741394,0.048630330711603165,0.049124930053949356,0.03939975053071976,0.045328136533498764,0.0026781619526445866,0.00860451627522707,0.011779455468058586,0.00657393503934145,0.00022661389084532857,0.0005676414002664387,0.0001600781106390059,0.0002258371823700145
249,0.9,,,0.1,,,,,,,,,,,6.0,0.0017634129617363214,0.05042967200279236,0.19790233671665192,0.6041853427886963,-0.2434019148349762,-0.20935362577438354,-0.20763671398162842,-0.2246476113796234,0.39261284470558167,-0.0019214749336242676,-0.00710606575012207,0.004229813814163208,0.0022912025451660156,0.0018718242645263672,0.0002092123031616211,0.0030159950256347656,0.18637026846408844,0.14461815357208252,0.10359448939561844,0.13135650753974915,0.19298237562179565,0.08728789538145065,0.23601113259792328,0.08756919205188751,0.04517391324043274,0.007875759154558182,0.06760180741548538,-0.0014628550270572305,0.0003719238447956741,0.0010050145210698247,0.00021098277647979558,0.0007983766263350844,0.1990194022655487,0.08983863145112991,0.16951300203800201,0.08189046382904053,0.05805836617946625,0.056148212403059006,0.06387873739004135,0.05609844997525215,0.009180761873722076,0.008578471839427948,0.02466677874326706,0.009551500901579857,0.00026324938517063856,0.0006273610051721334,0.00028311836649663746,0.0006108763627707958
250,0.75,,,0.25,,,,,,,,,,,6.0,0.0012061052257195115,0.965956449508667,0.09023772180080414,0.6139272451400757,-0.20447199046611786,-0.1620630919933319,-0.1398661732673645,-0.11414328217506409,0.3029034733772278,-0.001718074083328247,-0.006783783435821533,-0.008817315101623535,-0.01095724105834961,0.003796219825744629,-0.013784587383270264,-0.003504425287246704,0.1495037078857422,0.11601272970438004,0.04052206501364708,0.04075133427977562,0.17254577577114105,0.07214366644620895,0.08240267634391785,0.025525059551000595,0.04807019233703613,0.012189017608761787,0.033446721732616425,0.013291160576045513,0.0003452315868344158,0.000859985826537013,7.922766963019967e-05,0.0002242737537017092,0.17405226826667786,0.07168055325746536,0.08057531714439392,0.030109845101833344,0.045143771916627884,0.04267476499080658,0.032951369881629944,0.04947496950626373,0.008261935785412788,0.015464451164007187,0.02185407653450966,0.009368636645376682,0.00024673843290656805,0.0005117802647873759,0.00013791854144074023,0.000206965152756311
251,0.5,,,0.5,,,,,,,,,,,6.0,0.002989606000483036,0.9558626413345337,0.04674461483955383,0.5859107375144958,-0.1769089549779892,-0.1515718698501587,-0.12978337705135345,-0.09947014600038528,0.25499218702316284,-0.003352612257003784,-0.0006063878536224365,-0.007984697818756104,-0.004589498043060303,-0.008283793926239014,-0.006406247615814209,-0.005356252193450928,0.1414487212896347,0.11814205348491669,0.047194357961416245,0.04469795525074005,0.16670426726341248,0.06523915380239487,0.09666605293750763,0.026180248707532883,0.0472300723195076,0.018204985186457634,0.041309893131256104,0.014190515503287315,0.000337309786118567,0.0007840188918635249,9.169543773168698e-05,0.0002962893049698323,0.16792134940624237,0.07266636192798615,0.09492602944374084,0.032518040388822556,0.04070790484547615,0.042414385825395584,0.038694050163030624,0.054388273507356644,0.007063492201268673,0.021182527765631676,0.026168379932641983,0.009839835576713085,0.00022797418932896107,0.00046046971692703664,0.00016484493971802294,0.00024410644255112857
252,0.25,,,0.75,,,,,,,,,,,6.0,0.001761002466082573,0.9455482959747314,-0.0005061663687229156,0.5682550072669983,-0.1640104502439499,-0.1365775167942047,-0.10701985657215118,-0.07284092903137207,0.20753929018974304,0.0003898739814758301,0.005764096975326538,0.00832870602607727,0.008960247039794922,0.00041979551315307617,0.0044990479946136475,0.000682830810546875,0.21240970492362976,0.16639715433120728,0.05817572772502899,0.069322869181633,0.1635919064283371,0.08222437649965286,0.12643563747406006,0.07121195644140244,0.046586811542510986,0.007933293469250202,0.04553360119462013,0.0240829698741436,0.0004155421338509768,0.001374339102767408,0.00011332187568768859,0.0003417975967749953,0.2045169472694397,0.10058510303497314,0.09994472563266754,0.05213715508580208,0.04092211648821831,0.04849031940102577,0.039572522044181824,0.0891091525554657,0.007176294922828674,0.007330180611461401,0.035493914037942886,0.016795918345451355,0.00024459316045977175,0.000792458828072995,0.00015838281251490116,0.0003007491759490222
253,0.1,,,0.9,,,,,,,,,,,6.0,0.0021931701339781284,0.9539117217063904,0.025925926864147186,0.5888500809669495,-0.16598322987556458,-0.14197535812854767,-0.1098775714635849,-0.07466474175453186,0.2379634976387024,-0.008828282356262207,-0.0009163320064544678,0.005789995193481445,0.0069914162158966064,-0.006929934024810791,7.840991020202637e-05,0.01319122314453125,0.1898512840270996,0.1446213573217392,0.06782665103673935,0.07427627593278885,0.17018362879753113,0.09175743162631989,0.15152697265148163,0.08538036793470383,0.045610204339027405,0.009832954965531826,0.05420255288481712,0.02935129962861538,0.0003794070507865399,0.001092902384698391,0.00014230923261493444,0.0003474431287031621,0.19199210405349731,0.09098785370588303,0.12254103273153305,0.058263033628463745,0.046342067420482635,0.04944195970892906,0.05036310479044914,0.10997224599123001,0.008288959041237831,0.009247440844774246,0.04453198239207268,0.019541064277291298,0.00023322412744164467,0.0006617833278141916,0.00020147838222328573,0.0003333719214424491
254,0.9,,,0.1,,,,,,,,,,,7.0,0.002213898114860058,0.9302849769592285,0.004360259976238012,0.5491997003555298,-0.18299683928489685,-0.14448419213294983,-0.1106514036655426,-0.0675237774848938,0.20482894778251648,0.004531443119049072,0.0037407279014587402,0.005726873874664307,0.0005902945995330811,-0.0036650896072387695,-0.002895265817642212,0.005789011716842651,0.2196909636259079,0.1805296093225479,0.07062393426895142,0.08359060436487198,0.16364771127700806,0.09794372320175171,0.13417579233646393,0.07079949229955673,0.0460536889731884,0.010278092697262764,0.05320493131875992,0.029293876141309738,0.00046416185796260834,0.0016241440316662192,0.00014869050937704742,0.00042389650479890406,0.20611940324306488,0.11132645606994629,0.12098214775323868,0.0627877488732338,0.04398223012685776,0.05506565421819687,0.04150271415710449,0.10241583734750748,0.009562300518155098,0.008742498233914375,0.03982210531830788,0.019187435507774353,0.00026051056920550764,0.0009522332111373544,0.00018731103045865893,0.00034803280141204596
255,0.75,,,0.25,,,,,,,,,,,7.0,0.0018792166374623775,0.9599208831787109,0.15381911396980286,0.5878075361251831,-0.22000540792942047,-0.18694941699504852,-0.1682426929473877,-0.14872103929519653,0.34843969345092773,-0.0011680126190185547,-0.002991020679473877,-0.005993485450744629,-0.004672497510910034,0.0018171966075897217,0.0004769563674926758,-0.010107219219207764,0.13398510217666626,0.09358668327331543,0.04503477364778519,0.0370456725358963,0.17562222480773926,0.07968523353338242,0.09443022310733795,0.03905245289206505,0.04930764436721802,0.02130550518631935,0.03322343900799751,0.01242662500590086,0.000345749082043767,0.0008205042686313391,8.92707466846332e-05,0.00022213983174879104,0.1637033373117447,0.059404321014881134,0.08031592518091202,0.027271242812275887,0.04822538048028946,0.04783383756875992,0.03423737734556198,0.04737378656864166,0.006518769543617964,0.02675653249025345,0.021288728341460228,0.008925744332373142,0.00023140967823565006,0.0004801467584911734,0.0001399771572323516,0.00019750918727368116
256,0.5,,,0.5,,,,,,,,,,,7.0,0.001154861762188375,0.9672324657440186,0.23702086508274078,0.556012749671936,-0.22494643926620483,-0.18314918875694275,-0.1662871539592743,-0.15528832376003265,0.40893375873565674,0.0077385008335113525,-0.0008585155010223389,0.003022611141204834,0.0022279024124145508,-0.00660395622253418,0.00044786930084228516,-0.0008471310138702393,0.15578044950962067,0.13443925976753235,0.05705026164650917,0.049189548939466476,0.1814092993736267,0.06694631278514862,0.09498507529497147,0.025950703769922256,0.04537990689277649,0.015954166650772095,0.038198504596948624,0.01123746857047081,0.0003602869401220232,0.000950425339397043,0.00012230477295815945,0.00033107565832324326,0.1744653880596161,0.08238107711076736,0.09101628512144089,0.03231200575828552,0.052931129932403564,0.03914177417755127,0.03869282454252243,0.04539939761161804,0.007960502989590168,0.0197822954505682,0.02266157604753971,0.00795690342783928,0.00024259781639557332,0.0005481744883581996,0.00015371342306025326,0.00021399100660346448
257,0.25,,,0.75,,,,,,,,,,,7.0,0.0025321324355900288,0.949147641658783,-0.0006585577502846718,0.5267906188964844,-0.1412810981273651,-0.11336932331323624,-0.08293742686510086,-0.040640946477651596,0.19222469627857208,0.0052492618560791016,-0.0019512772560119629,0.002923339605331421,0.005367100238800049,-0.0019767284393310547,-0.0021840929985046387,-0.004557788372039795,0.19654527306556702,0.16297535598278046,0.04319943115115166,0.05722379311919212,0.1557614654302597,0.07855542749166489,0.1053285226225853,0.04186571016907692,0.046966131776571274,0.009683316573500633,0.04433716833591461,0.02076846919953823,0.0004238825640641153,0.001469984883442521,9.812366624828428e-05,0.00033167959190905094,0.1903008222579956,0.1021793782711029,0.08883695304393768,0.04422643780708313,0.03831236809492111,0.04108971729874611,0.03730851039290428,0.07561413198709488,0.006603265181183815,0.010057040490210056,0.0348467119038105,0.014727704226970673,0.0002478894602973014,0.0008778769406490028,0.00014587280747946352,0.0002823935938067734
258,0.1,,,0.9,,,,,,,,,,,7.0,0.0015399102121591568,0.9705264568328857,0.18650558590888977,0.6091146469116211,-0.22108204662799835,-0.18848225474357605,-0.16250871121883392,-0.15032321214675903,0.38454383611679077,0.004963397979736328,-0.00394207239151001,-0.012875497341156006,-0.012885093688964844,0.004183590412139893,-0.003035813570022583,6.666779518127441e-05,0.1338461935520172,0.10702711343765259,0.06076977029442787,0.048183999955654144,0.19774532318115234,0.07663031667470932,0.12048347294330597,0.035876840353012085,0.05819375813007355,0.019108863547444344,0.045225147157907486,0.014226125553250313,0.0003413546073716134,0.0007467562681995332,0.00014040767564438283,0.0003721164248418063,0.1702089160680771,0.06695316731929779,0.11098121106624603,0.034255292266607285,0.058898307383060455,0.045566167682409286,0.04963352531194687,0.05888236314058304,0.01252744346857071,0.02221829630434513,0.031614046543836594,0.010030415840446949,0.0002477233356330544,0.0004547998250927776,0.00022447521041613072,0.0002974252565763891
259,0.9,,,0.1,,,,,,,,,,,11.0,0.001666818163357675,0.9615437388420105,0.10652053356170654,0.5725677013397217,-0.19562534987926483,-0.15979212522506714,-0.13405528664588928,-0.11553314328193665,0.30181413888931274,0.007420778274536133,0.004821032285690308,-0.0021144747734069824,0.0027626752853393555,0.0010353624820709229,0.0009047091007232666,0.0001303553581237793,0.14554430544376373,0.11402527987957001,0.03959859162569046,0.03396566957235336,0.1893499493598938,0.08228360861539841,0.08321478962898254,0.022712847217917442,0.05573026090860367,0.02219102345407009,0.0338558666408062,0.012860274873673916,0.00035832839785143733,0.0008097683312371373,8.633398829260841e-05,0.00024612012202851474,0.18040522933006287,0.07441369444131851,0.07902861386537552,0.025171592831611633,0.048771969974040985,0.04710271954536438,0.03418689966201782,0.04033942148089409,0.008653901517391205,0.023459263145923615,0.022386537864804268,0.008768371306359768,0.00025587380514480174,0.0005271256668493152,0.0001428850955562666,0.00021359596576076
260,0.75,,,0.25,,,,,,,,,,,11.0,0.0021621468476951122,0.9353388547897339,8.744653314352036e-06,0.5492393970489502,-0.17635196447372437,-0.14014208316802979,-0.10900435596704483,-0.07881656289100647,0.20104312896728516,0.007632315158843994,0.00013515353202819824,0.011009424924850464,0.004416465759277344,-0.001702427864074707,0.008016467094421387,-0.006377816200256348,0.17915882170200348,0.13008970022201538,0.053090550005435944,0.07023999840021133,0.1577068269252777,0.06781430542469025,0.12060549855232239,0.04797222092747688,0.04786134511232376,0.010958835482597351,0.05254843458533287,0.02897477149963379,0.0004452761495485902,0.0011995076201856136,0.00011921611439902335,0.0002659776946529746,0.1801566481590271,0.07900872826576233,0.11177650094032288,0.054108165204524994,0.03874314948916435,0.040513500571250916,0.038349051028490067,0.09875967353582382,0.008339627645909786,0.00954075250774622,0.035685986280441284,0.019734591245651245,0.00024096820561680943,0.0006811408093199134,0.00017076250514946878,0.0002932417264673859
261,0.5,,,0.5,,,,,,,,,,,11.0,0.0015255457255989313,0.9668322205543518,0.0957394689321518,0.650108814239502,-0.22564536333084106,-0.18328580260276794,-0.15841981768608093,-0.1307820975780487,0.32094019651412964,0.00747254490852356,0.0049173831939697266,-0.0006608366966247559,-0.00043192505836486816,0.010133206844329834,0.001424938440322876,0.0019562244415283203,0.15186823904514313,0.12603646516799927,0.0625668466091156,0.06087947264313698,0.18054503202438354,0.067790187895298,0.12040374428033829,0.04504646733403206,0.05003589764237404,0.011404518969357014,0.04413353279232979,0.020544517785310745,0.000322934880387038,0.0007977009518072009,0.00011897276272065938,0.0003454370889812708,0.1729973405599594,0.07717953622341156,0.11142244189977646,0.04647296667098999,0.051122311502695084,0.039030399173498154,0.047531526535749435,0.06531759351491928,0.008800824172794819,0.013660067692399025,0.031859390437603,0.014095412567257881,0.0002334806340513751,0.0004712798399850726,0.00019394590344745666,0.0003172339638695121
262,0.25,,,0.75,,,,,,,,,,,11.0,0.0021835481747984886,0.9367061853408813,0.005468891933560371,0.47740626335144043,-0.12621265649795532,-0.10370657593011856,-0.07483181357383728,-0.04221571981906891,0.17946571111679077,-0.0044258832931518555,0.0011408329010009766,-0.0029930472373962402,4.380941390991211e-05,-0.0036187469959259033,0.0015514194965362549,0.009308964014053345,0.19425588846206665,0.168611079454422,0.04691062495112419,0.06056566908955574,0.1599510759115219,0.07445355504751205,0.11320413649082184,0.04631134867668152,0.047962792217731476,0.010704067535698414,0.04488258808851242,0.021039647981524467,0.0004133349866606295,0.0012616845779120922,0.00010724809544626623,0.0003481111489236355,0.1915253847837448,0.10321888327598572,0.09730089455842972,0.04549243673682213,0.03828967362642288,0.0436285063624382,0.035454973578453064,0.07088196277618408,0.006854092702269554,0.012136261910200119,0.031772200018167496,0.013688649982213974,0.00023564881121274084,0.0007264836458489299,0.00016187221626751125,0.00027597229927778244
263,0.1,,,0.9,,,,,,,,,,,11.0,0.0021090067457407713,0.9608023166656494,0.050344791263341904,0.6215378642082214,-0.2086505889892578,-0.17067405581474304,-0.14140522480010986,-0.1152908056974411,0.27112823724746704,0.0015913546085357666,0.0017703771591186523,-0.0014337897300720215,-2.4974346160888672e-05,0.002203226089477539,0.0025125443935394287,0.0004896819591522217,0.18354202806949615,0.1344696432352066,0.08048893511295319,0.08344952017068863,0.18539470434188843,0.10174190253019333,0.16992300748825073,0.0827019214630127,0.05174824222922325,0.01459779404103756,0.06069577485322952,0.03676734119653702,0.0003643088857643306,0.0010514663299545646,0.0001685530151007697,0.0003661037189885974,0.19567012786865234,0.0849594697356224,0.14121310412883759,0.06845471262931824,0.05006511136889458,0.05464576184749603,0.06382284313440323,0.12901006639003754,0.010039114393293858,0.01177628617733717,0.054016921669244766,0.02510678395628929,0.0002313923032488674,0.0006196880713105202,0.00023622393200639635,0.0004297790874261409
264,0.9,,,0.1,,,,,,,,,,,13.0,0.0018019895069301128,0.965612530708313,0.138278529047966,0.6291108131408691,-0.23156599700450897,-0.20305483043193817,-0.17811495065689087,-0.15292571485042572,0.3501061797142029,-0.001989126205444336,0.019098937511444092,0.01694527268409729,0.017297863960266113,-0.016399502754211426,-0.0026118457317352295,-0.007584989070892334,0.13499943912029266,0.09835489839315414,0.04702901840209961,0.039897505193948746,0.16137981414794922,0.06904289126396179,0.0878668949007988,0.02388675883412361,0.04613098129630089,0.012751458212733269,0.03573455661535263,0.012562581337988377,0.0003103149647358805,0.0007670666673220694,8.65136316861026e-05,0.0002160410804208368,0.156824991106987,0.06223280355334282,0.08420837670564651,0.029226498678326607,0.04260393604636192,0.04124338552355766,0.035415343940258026,0.04532836005091667,0.00875396840274334,0.018402401357889175,0.022767813876271248,0.008294515311717987,0.00022363814059644938,0.000475072069093585,0.00014291342813521624,0.00019012053962796926
265,0.75,,,0.25,,,,,,,,,,,13.0,0.001682212925516069,0.9602572917938232,0.06673791259527206,0.5920152068138123,-0.1927042305469513,-0.1632765233516693,-0.13674113154411316,-0.10964595526456833,0.27451080083847046,0.0021352171897888184,0.005482405424118042,-1.3381242752075195e-05,-0.001901865005493164,-0.0001792311668395996,0.012437015771865845,0.00856095552444458,0.17095805704593658,0.13394813239574432,0.04508131742477417,0.04421577230095863,0.16647090017795563,0.07246987521648407,0.09665929526090622,0.036428678780794144,0.04628231003880501,0.009378611110150814,0.036272186785936356,0.015221300534904003,0.00035785918589681387,0.0009769457392394543,8.378869824809954e-05,0.00023792925640009344,0.18174827098846436,0.08057934045791626,0.08737072348594666,0.033866997808218,0.04215642809867859,0.04355694726109505,0.03423645347356796,0.051557328552007675,0.005921690724790096,0.011754892766475677,0.023661823943257332,0.010694128461182117,0.0002457753580529243,0.0005660911556333303,0.00014504283899441361,0.00023004230752121657
266,0.5,,,0.5,,,,,,,,,,,13.0,0.001572918612509966,0.9579073190689087,0.01580280438065529,0.5801680684089661,-0.1658073365688324,-0.13791139423847198,-0.10621292889118195,-0.07009867578744888,0.22607563436031342,0.002553582191467285,-0.0005846023559570312,-0.006331145763397217,-0.006413251161575317,0.009716570377349854,0.004708677530288696,-0.0018332898616790771,0.20572352409362793,0.15705075860023499,0.06614235043525696,0.07778066396713257,0.1690455675125122,0.09011518955230713,0.13822655379772186,0.051537055522203445,0.0516769140958786,0.009028710424900055,0.05859667435288429,0.025212300941348076,0.00043313164496794343,0.0014011642197147012,0.000143635697895661,0.0004064108361490071,0.20146404206752777,0.09589074552059174,0.13062088191509247,0.056943077594041824,0.04518558457493782,0.05277319997549057,0.042874775826931,0.1048317551612854,0.0117331026121974,0.011451761238276958,0.039460912346839905,0.017132742330431938,0.00024354421475436538,0.0008144164457917213,0.00019973116286564618,0.0003402732836548239
