,iid,shape_0,size_0,color_0,material_0,appr_corr_0,material_0shape_0,shape_0color_0,size_0material_0,material_0shape_0color_0,size_0material_0color_0,size_0material_0shape_0,size_0shape_0color_0,intr_corr_0,seed,loss,epoch,avg_ari_mask,corr_coef_disc,corr_coef_pos,corr_coef_size,corr_coef_material,corr_coef_shape,corr_coef_color,corr_coef,corr_rank_disc,corr_rank_pos,corr_rank_size,corr_rank_material,corr_rank_shape,corr_rank_color,corr_rank,avg_obj_greedy_loss_nodup,avg_attr_greedy_loss_nodup,avg_obj_pseudo_greedy_loss,avg_attr_pseudo_greedy_loss,avg_obj_greedy_loss_nodup_en,avg_attr_greedy_loss_nodup_en,avg_obj_pseudo_greedy_loss_en,avg_attr_pseudo_greedy_loss_en,avg_obj_greedy_loss_nodup_hn,avg_attr_greedy_loss_nodup_hn,avg_obj_pseudo_greedy_loss_hn,avg_attr_pseudo_greedy_loss_hn,std_obj_greedy_loss_nodup,std_attr_greedy_loss_nodup,std_obj_pseudo_greedy_loss,std_attr_pseudo_greedy_loss,avg_obj_greedy_cos_loss_nodup,avg_attr_greedy_cos_loss_nodup,avg_obj_pseudo_greedy_cos_loss,avg_attr_pseudo_greedy_cos_loss,avg_obj_greedy_cos_loss_nodup_en,avg_attr_greedy_cos_loss_nodup_en,avg_obj_pseudo_greedy_cos_loss_en,avg_attr_pseudo_greedy_cos_loss_en,avg_obj_greedy_cos_loss_nodup_hn,avg_attr_greedy_cos_loss_nodup_hn,avg_obj_pseudo_greedy_cos_loss_hn,avg_attr_pseudo_greedy_cos_loss_hn,std_obj_greedy_cos_loss_nodup,std_attr_greedy_cos_loss_nodup,std_obj_pseudo_greedy_cos_loss,std_attr_pseudo_greedy_cos_loss
195,0.5,,,,,,,0.5,,,,,,,5.0,0.003508963156491518,399.0,0.9467935562133789,0.10939188301563263,0.5745213627815247,-0.17901790142059326,-0.1482522189617157,-0.12568697333335876,-0.1121702641248703,0.3050934672355652,-0.004044651985168457,0.0034196078777313232,0.009595036506652832,0.007869899272918701,-0.002027541399002075,0.0009646117687225342,0.0010138750076293945,0.15302802622318268,0.13808223605155945,0.07127710431814194,0.06371592730283737,0.19959507882595062,0.07692113518714905,0.13726356625556946,0.04054274037480354,0.05651132017374039,0.02011137269437313,0.05121978372335434,0.021382324397563934,0.0003777809033636004,0.001002045115455985,0.0001600031682755798,0.0005472993361763656,0.18324096500873566,0.08722735196352005,0.13009528815746307,0.04758981987833977,0.05880365148186684,0.04577338322997093,0.058666735887527466,0.0732521116733551,0.011325185187160969,0.02379094995558262,0.03524613752961159,0.015289691276848316,0.0002639921149238944,0.0005808717105537653,0.0002341555809834972,0.00045109164784662426
196,0.25,,,,,,,0.75,,,,,,,5.0,0.005697978660464287,399.0,0.8122347593307495,0.12927061319351196,0.5743028521537781,-0.20399326086044312,-0.17449122667312622,-0.15407633781433105,-0.15347741544246674,0.3222581148147583,0.00445789098739624,0.007182121276855469,0.003286212682723999,0.007894068956375122,0.0027634501457214355,-0.0072494447231292725,-0.005140244960784912,0.24490292370319366,0.1789351850748062,0.13039763271808624,0.17249135673046112,0.17206503450870514,0.07813092321157455,0.214125856757164,0.06895585358142853,0.035711850970983505,0.009068668819963932,0.0650893822312355,-0.00098800053820014,0.00040390482172369957,0.001237455289810896,0.0002494944492354989,0.0008565477910451591,0.2254568487405777,0.11232093721628189,0.17488624155521393,0.09827622026205063,0.055422816425561905,0.04862411320209503,0.06053159385919571,0.059673987329006195,0.010004580952227116,0.009072712622582912,0.02631586603820324,0.010127606801688671,0.0002728784747887403,0.0007791950483806431,0.00020352336287032813,0.0005187540082260966
197,0.75,,,,,,,0.25,,,,,,,6.0,0.002722035860642791,399.0,0.9356547594070435,-0.011368278414011002,0.515514612197876,-0.12905840575695038,-0.10945597290992737,-0.07319457828998566,-0.036520637571811676,0.17882275581359863,0.0008780956268310547,-0.010486602783203125,0.002085059881210327,-0.003888368606567383,0.0032708346843719482,-0.0007844269275665283,0.006660729646682739,0.17810942232608795,0.1320054531097412,0.052508074790239334,0.0751919075846672,0.16311725974082947,0.07936768978834152,0.14663542807102203,0.049315549433231354,0.04686610773205757,0.010624222457408905,0.06470269709825516,0.030323809012770653,0.0004012703720945865,0.0011821567313745618,0.00012597927707247436,0.00035657428088597953,0.1860388219356537,0.08152495324611664,0.13175970315933228,0.05782776698470116,0.039563942700624466,0.04949285089969635,0.047210630029439926,0.1185673177242279,0.008158083073794842,0.010621696710586548,0.043233584612607956,0.0227972324937582,0.0002364432584727183,0.0006947217625565827,0.00021823935094289482,0.00035744920023716986
198,0.5,,,,,,,0.5,,,,,,,6.0,0.004305469803512096,399.0,0.9255363941192627,-0.010238406248390675,0.557273268699646,-0.15138092637062073,-0.1276616007089615,-0.10079781711101532,-0.050991423428058624,0.19514596462249756,-0.003708958625793457,0.0011472105979919434,0.0007914602756500244,0.004985630512237549,-0.003428637981414795,-0.007783353328704834,-0.0007385015487670898,0.1950247585773468,0.15245068073272705,0.0658656433224678,0.07489264011383057,0.1673046499490738,0.07656495273113251,0.14098872244358063,0.06845925003290176,0.05365993082523346,0.008945466950535774,0.060064997524023056,0.027600597590208054,0.00048447950393892825,0.0016275187954306602,0.00015343958511948586,0.0004158700758125633,0.19748346507549286,0.09444862604141235,0.12531988322734833,0.0563092902302742,0.04132987558841705,0.04260167479515076,0.04184648394584656,0.11324428021907806,0.010732071474194527,0.007005567196756601,0.043435368686914444,0.019705642014741898,0.0002732607536017895,0.0009539914317429066,0.00019623302796389908,0.0003276710631325841
199,0.25,,,,,,,0.75,,,,,,,6.0,0.0030724303796887398,399.0,0.914736807346344,-0.023831766098737717,0.4447132349014282,-0.1081937849521637,-0.08393588662147522,-0.051569558680057526,-0.012024184688925743,0.14216795563697815,-0.0017568767070770264,0.009420573711395264,-0.0027700960636138916,-0.005009382963180542,0.0006910860538482666,-0.0068337321281433105,-0.007069498300552368,0.12561707198619843,0.10576435923576355,0.039454590529203415,0.0555901862680912,0.1698346585035324,0.04422899708151817,0.1015825942158699,0.03458641842007637,0.0512869618833065,0.008093439042568207,0.047119636088609695,0.018989915028214455,0.0003944913623854518,0.0012022549053654075,7.575958443339914e-05,0.00023974089708644897,0.1575220674276352,0.06457415223121643,0.09003116935491562,0.03981517255306244,0.04082674905657768,0.024586834013462067,0.030402274802327156,0.08552110195159912,0.005057416390627623,0.007526007015258074,0.03475099429488182,0.01364159770309925,0.00024829950416460633,0.0007123245159164071,0.00014262065815273672,0.00020601706637535244
200,0.75,,,,,,,0.25,,,,,,,7.0,0.00289596407674253,399.0,0.9370591640472412,0.00023514730855822563,0.5090925693511963,-0.13523614406585693,-0.1088176742196083,-0.08103346824645996,-0.04873296618461609,0.18654116988182068,-0.0028863251209259033,0.004916280508041382,-0.010284781455993652,-0.009328603744506836,0.006541043519973755,0.0014868080615997314,-0.0030296742916107178,0.12632636725902557,0.11494657397270203,0.05492019280791283,0.07515467703342438,0.18350456655025482,0.08289669454097748,0.15072320401668549,0.047927141189575195,0.053548865020275116,0.012629603035748005,0.0615963451564312,0.024396264925599098,0.00035189848858863115,0.000987850595265627,0.00011767556134145707,0.00043293414637446404,0.17058221995830536,0.07113690674304962,0.13726332783699036,0.05505526810884476,0.04641008749604225,0.05179711431264877,0.052243784070014954,0.1154811829328537,0.008701623417437077,0.015230812132358551,0.04184350371360779,0.01787409372627735,0.00022912834538146853,0.0005805215914733708,0.00025218393420800567,0.0003868265193887055
201,0.5,,,,,,,0.5,,,,,,,7.0,0.0067838383838534355,399.0,0.7658370733261108,-0.015999244526028633,0.17835375666618347,-0.029827645048499107,-0.022246800363063812,-0.01584756001830101,0.009363265708088875,0.05147048085927963,-0.008440643548965454,0.003905385732650757,-0.004391759634017944,-0.002955794334411621,-0.0023590922355651855,-0.008510977029800415,0.010819017887115479,0.13770629465579987,0.1165962740778923,0.06313818693161011,0.07393475621938705,0.13745318353176117,0.07272795587778091,0.06721172481775284,0.021038230508565903,0.033246465027332306,0.007559830788522959,0.029112666845321655,0.00928174052387476,0.00036267482209950686,0.0010851400438696146,8.320024790009484e-05,0.00026365582016296685,0.1502077281475067,0.07059699296951294,0.08290981501340866,0.04566998779773712,0.03246498852968216,0.04210437834262848,0.021838353946805,0.054976802319288254,0.005165299400687218,0.008784863166511059,0.02139672078192234,0.007947796955704689,0.0002142421726603061,0.0006352415075525641,0.00012603627692442387,0.000193070707609877
202,0.25,,,,,,,0.75,,,,,,,7.0,0.002390709239989519,399.0,0.9465135335922241,0.041354309767484665,0.5875190496444702,-0.1788356751203537,-0.14916905760765076,-0.11426004767417908,-0.07401373982429504,0.25089284777641296,0.0008127689361572266,-0.0032922327518463135,-5.879998207092285e-05,-0.0010052621364593506,0.001164257526397705,-0.0025888681411743164,-0.0041120052337646484,0.16734865307807922,0.13943244516849518,0.0616023913025856,0.059280794113874435,0.1816060096025467,0.08630913496017456,0.12908069789409637,0.04747677221894264,0.04898735135793686,0.013807935640215874,0.050972260534763336,0.02158813178539276,0.0003813176299445331,0.0010413776617497206,0.00010915956954704598,0.00034079476608894765,0.18521784245967865,0.08634928613901138,0.12216359376907349,0.0441017784178257,0.05243326351046562,0.05297362059354782,0.04638897255063057,0.08516527712345123,0.009319433011114597,0.015630144625902176,0.03262028843164444,0.01693933829665184,0.0002529046032577753,0.0006205466925166547,0.00021320323867257684,0.0003190531861037016
203,0.75,,,,,,,0.25,,,,,,,11.0,0.002501510549336672,399.0,0.9401617050170898,0.07300169765949249,0.5375720262527466,-0.16220128536224365,-0.1300077885389328,-0.10344628989696503,-0.07246975600719452,0.26001572608947754,-0.004097640514373779,-0.011700272560119629,0.00671502947807312,0.004383981227874756,-0.0018275678157806396,-0.0066969990730285645,-0.004187941551208496,0.1417987197637558,0.13627295196056366,0.059433143585920334,0.061543527990579605,0.19295985996723175,0.07788685709238052,0.11015975475311279,0.033756885677576065,0.05048704892396927,0.019735537469387054,0.043447431176900864,0.013339240103960037,0.00037614209577441216,0.0009995957370847464,0.00011103411088697612,0.00031456706346943974,0.1765829622745514,0.08307918906211853,0.10426870733499527,0.04198514670133591,0.05444259196519852,0.048967327922582626,0.04184415936470032,0.06086903437972069,0.008500894531607628,0.02450508251786232,0.026355678215622902,0.010564315132796764,0.00025209353771060705,0.0005731746787205338,0.0001761094608809799,0.0002539856650400907
204,0.5,,,,,,,0.5,,,,,,,11.0,0.002763007767498493,399.0,0.9459848403930664,0.007697108201682568,0.5601027011871338,-0.174947589635849,-0.1372987926006317,-0.11054261773824692,-0.06283635646104813,0.2116856873035431,0.00282895565032959,0.008021891117095947,0.0022810697555541992,0.0033498406410217285,0.0032872259616851807,-0.006726562976837158,0.006143391132354736,0.15584686398506165,0.15151850879192352,0.04723500832915306,0.06334501504898071,0.18050703406333923,0.08244775235652924,0.12713290750980377,0.04169655963778496,0.05166396498680115,0.014057772234082222,0.05314214527606964,0.025503991171717644,0.00038347954978235066,0.0011784718371927738,0.00010348111391067505,0.00037396213156171143,0.18246029317378998,0.09387732297182083,0.11466093361377716,0.05006582289934158,0.04319848492741585,0.04840141907334328,0.045973896980285645,0.08623794466257095,0.0072333612479269505,0.01524104829877615,0.03398289903998375,0.018967173993587494,0.00024393493367824703,0.0006799119873903692,0.00019614820485003293,0.00036327095585875213
205,0.25,,,,,,,0.75,,,,,,,11.0,0.0028684944845736027,399.0,0.9196101427078247,-0.007182866334915161,0.5264642238616943,-0.1416287124156952,-0.11444895714521408,-0.0806644931435585,-0.04553338885307312,0.1864738166332245,-0.001710265874862671,0.00630226731300354,-0.005754590034484863,-0.006794154644012451,0.008918613195419312,0.006493866443634033,0.0020127296447753906,0.1839299350976944,0.1469816118478775,0.05776860564947128,0.08492189645767212,0.15299013257026672,0.054349374026060104,0.1310407966375351,0.04457902908325195,0.042700838297605515,0.0007579392404295504,0.05859190598130226,0.024589799344539642,0.00041792471893131733,0.001255821087397635,0.00012036224507028237,0.00036292916047386825,0.18477988243103027,0.0882629007101059,0.12158055603504181,0.06109485402703285,0.03827187418937683,0.034643713384866714,0.04213101789355278,0.10519815981388092,0.0071067120879888535,0.003704444505274296,0.041129741817712784,0.018388235941529274,0.00023250158119481057,0.0007165598799474537,0.0001879351184470579,0.0003138862957712263
206,0.75,,,,,,,0.25,,,,,,,13.0,0.0031074280850589275,399.0,0.9105401039123535,-0.016899703070521355,0.4707050025463104,-0.14316326379776,-0.10111318528652191,-0.07010097801685333,-0.036204561591148376,0.15768779814243317,-0.013609647750854492,0.00691339373588562,-0.007235288619995117,-0.005306065082550049,0.006036907434463501,-0.012045979499816895,-0.0028932392597198486,0.14443302154541016,0.11754805594682693,0.0425015352666378,0.07548557221889496,0.16532953083515167,0.051421500742435455,0.13739439845085144,0.053608331829309464,0.04926399141550064,0.00859211664646864,0.060213640332221985,0.028388099744915962,0.0003967275843024254,0.001200863509438932,0.00010313119855709374,0.00036816633655689657,0.1648726910352707,0.07198018580675125,0.11283256858587265,0.05613349378108978,0.0398651659488678,0.029098626226186752,0.04233852028846741,0.10678000748157501,0.00507479440420866,0.0064534349367022514,0.04649464786052704,0.020991628989577293,0.00022982923837844282,0.0006932478281669319,0.00018837599782273173,0.00030187334050424397
207,0.5,,,,,,,0.5,,,,,,,13.0,0.004983582999557257,399.0,0.9196400046348572,-0.02690165489912033,0.4710482358932495,-0.12487766891717911,-0.10539066791534424,-0.07004939019680023,-0.02619069069623947,0.1491054892539978,-0.005301833152770996,-0.012622356414794922,-0.0010166466236114502,-0.004082828760147095,-0.0065351128578186035,0.003796309232711792,-0.0005970001220703125,0.21069562435150146,0.2149200737476349,0.059833183884620667,0.08506777882575989,0.17594006657600403,0.0745382159948349,0.12978018820285797,0.04964214190840721,0.04571089148521423,0.02070404402911663,0.05668928101658821,0.030339935794472694,0.0004328799550421536,0.0013944207457825541,0.00011008595902239904,0.0003694292972795665,0.20590753853321075,0.13292859494686127,0.12120253592729568,0.06284131854772568,0.04791341349482536,0.04464270547032356,0.04151594638824463,0.1000104621052742,0.008536932058632374,0.01711045764386654,0.042093340307474136,0.022094851359725,0.00025368478964082897,0.0008055450743995607,0.00018586916849017143,0.00036089515197090805
208,0.25,,,,,,,0.75,,,,,,,13.0,0.0023591783829033375,399.0,0.9317767024040222,-0.02421822026371956,0.506240725517273,-0.13378125429153442,-0.10453304648399353,-0.06832069158554077,-0.02194977179169655,0.16429921984672546,-0.001385033130645752,-0.007536947727203369,0.0043141841888427734,0.006464213132858276,0.009411126375198364,0.007119864225387573,-0.0014186501502990723,0.18429458141326904,0.14837606251239777,0.04957546293735504,0.06785575300455093,0.16960479319095612,0.0627574622631073,0.12800000607967377,0.04488742724061012,0.05116448923945427,0.009241163730621338,0.05844908952713013,0.026465782895684242,0.0004692259826697409,0.0014460327802225947,0.00010671556083252653,0.00029592408100143075,0.18929484486579895,0.09132207185029984,0.11514056473970413,0.05138276889920235,0.04188482463359833,0.0355955995619297,0.03925643488764763,0.1052633598446846,0.007454005070030689,0.010337243787944317,0.04152525216341019,0.019258994609117508,0.00026240714942105114,0.000843094545416534,0.00018284884572494775,0.0002898343082051724
209,0.75,,,,,,,,0.25,,,,,,0.0,0.0048438794910907745,399.0,0.8817000985145569,-0.020024122670292854,0.4759863615036011,-0.1164848655462265,-0.08785472810268402,-0.06069684401154518,-0.013644215650856495,0.15687605738639832,-0.0030935704708099365,-0.00034630298614501953,0.0031880736351013184,-0.003890097141265869,0.005025714635848999,0.007472962141036987,-0.0029091238975524902,0.21007339656352997,0.23304487764835358,0.060885556042194366,0.09110233187675476,0.18187323212623596,0.08110041916370392,0.15107102692127228,0.050926532596349716,0.05149557441473007,0.023039614781737328,0.06919702887535095,0.030843835324048996,0.00044284446630626917,0.0016216626390814781,0.00013074355956632644,0.00046779675176367164,0.20273077487945557,0.14614255726337433,0.1389615535736084,0.06662379205226898,0.05181783065199852,0.045448608696460724,0.04816977307200432,0.1266941875219345,0.01152923796325922,0.017884163185954094,0.049380332231521606,0.021026963368058205,0.0002646460197865963,0.0009328995947726071,0.0002306556998519227,0.0003859112330246717
210,0.5,,,,,,,,0.5,,,,,,0.0,0.002790609374642372,399.0,0.9291121959686279,-0.008576826192438602,0.5274413228034973,-0.15154418349266052,-0.11968740075826645,-0.08558996021747589,-0.04071282595396042,0.18564745783805847,-0.007391512393951416,0.01297101378440857,-0.003573000431060791,-0.004512995481491089,-0.00032520294189453125,0.0001398324966430664,-0.007445693016052246,0.16835319995880127,0.12476383149623871,0.04677291214466095,0.07153301686048508,0.15968604385852814,0.06443159282207489,0.14596469700336456,0.053274888545274734,0.05060677230358124,0.013390875421464443,0.0638708546757698,0.030222242698073387,0.0004391410911921412,0.0012967742513865232,0.00010635134094627574,0.0003445661277510226,0.17798897624015808,0.0795070007443428,0.1213105320930481,0.05579390749335289,0.038945164531469345,0.035451650619506836,0.04859369993209839,0.12024062871932983,0.009008225984871387,0.01071949116885662,0.047029558569192886,0.02177903801202774,0.00023570374469272792,0.0007817790610715747,0.00020802994549740106,0.0003284502599854022
211,0.25,,,,,,,,0.75,,,,,,0.0,0.003029983025044203,399.0,0.9325703382492065,-0.013024757616221905,0.5262808799743652,-0.14685438573360443,-0.11048884689807892,-0.08809629082679749,-0.03980930149555206,0.18133363127708435,-0.008432865142822266,-0.004748284816741943,-0.011692702770233154,-0.009850144386291504,-0.005247741937637329,0.0003345310688018799,0.0008501410484313965,0.1911488026380539,0.15262918174266815,0.07363654673099518,0.11096224188804626,0.1746687889099121,0.09851687401533127,0.19414852559566498,0.06919839233160019,0.05187170207500458,0.016997667029500008,0.08552568405866623,0.043218083679676056,0.0004394615825731307,0.0013851128751412034,0.00016635468637105078,0.0005032079061493278,0.19439798593521118,0.09742516279220581,0.17574362456798553,0.08362159878015518,0.04726725444197655,0.05541054159402847,0.0645793080329895,0.15445920825004578,0.013117728754878044,0.014097975566983223,0.06094658002257347,0.03006974421441555,0.0002537466352805495,0.0008452009060420096,0.00028041951009072363,0.00046773243229836226
212,0.75,,,,,,,,0.25,,,,,,5.0,0.0025355492252856493,399.0,0.9270102977752686,-0.020254090428352356,0.4858555793762207,-0.1340746432542801,-0.1000307947397232,-0.0729479193687439,-0.020374644547700882,0.1603095829486847,-0.002953648567199707,-0.0021309256553649902,-0.007926702499389648,-0.008124291896820068,0.0065879225730896,-0.00759279727935791,-0.0009796321392059326,0.18516528606414795,0.1619463413953781,0.06195191293954849,0.09252428263425827,0.17993062734603882,0.07738190144300461,0.1672533005475998,0.06567790359258652,0.04991644248366356,0.011199548840522766,0.07325652241706848,0.0328713022172451,0.00041650759521871805,0.0013697438407689333,0.00014094360813032836,0.00043942921911366284,0.19075120985507965,0.09996916353702545,0.14637896418571472,0.06707517057657242,0.049327604472637177,0.04414455592632294,0.052744410932064056,0.1447477489709854,0.01035077590495348,0.011413154192268848,0.054969049990177155,0.023957613855600357,0.00024941147421486676,0.0008088689064607024,0.00023350871924776584,0.00037704716669395566
213,0.5,,,,,,,,0.5,,,,,,5.0,0.0032618041150271893,399.0,0.9489226341247559,0.0681687742471695,0.5645669102668762,-0.17517085373401642,-0.1329020857810974,-0.10850964486598969,-0.07479000091552734,0.26580530405044556,0.0024192631244659424,0.007355391979217529,0.0026533305644989014,-0.0006102919578552246,-0.019513070583343506,-0.0035668611526489258,-0.01322782039642334,0.1454162895679474,0.1355547457933426,0.06764282286167145,0.07189232856035233,0.2002192586660385,0.0925288125872612,0.16171984374523163,0.05225563421845436,0.056050583720207214,0.01803469844162464,0.06249953806400299,0.02877674251794815,0.00037744990549981594,0.0011183266760781407,0.00015293594333343208,0.0005337604088708758,0.18309040367603302,0.08492486923933029,0.1489925980567932,0.05556580796837807,0.05662916973233223,0.05538049340248108,0.06432577967643738,0.10200882703065872,0.011178014799952507,0.019628513604402542,0.03936672583222389,0.020403554663062096,0.000256449420703575,0.000646481232251972,0.0002845673880074173,0.0004781097813975066
214,0.25,,,,,,,,0.75,,,,,,5.0,0.002205866388976574,399.0,0.12640829384326935,0.12725302577018738,0.6514122486114502,-0.22724884748458862,-0.18976369500160217,-0.1853574514389038,-0.18974465131759644,0.3486768901348114,-0.006679713726043701,0.003128618001937866,0.0006740093231201172,0.007434368133544922,-0.0029675066471099854,0.008694380521774292,0.005876898765563965,0.2314710170030594,0.18572290241718292,0.11463434994220734,0.11222728341817856,0.190408393740654,0.09324690699577332,0.17567385733127594,0.07882139086723328,0.043856073170900345,0.013187727890908718,0.044665463268756866,0.012932986952364445,0.000372449605492875,0.0009836753597483039,0.0001889172854134813,0.0005915107321925461,0.21963772177696228,0.11034898459911346,0.13213621079921722,0.060185257345438004,0.059908315539360046,0.058649759739637375,0.05866924673318863,0.06872256100177765,0.007425661664456129,0.013065775856375694,0.022745952010154724,0.011192657984793186,0.00025905368966050446,0.0006153236026875675,0.0001863630604930222,0.0003336961381137371
215,0.75,,,,,,,,0.25,,,,,,6.0,0.0030684256926178932,399.0,0.9337830543518066,0.08410660922527313,0.590713620185852,-0.18549367785453796,-0.1501157581806183,-0.1284438967704773,-0.10574401915073395,0.28913331031799316,0.0010592937469482422,0.00623476505279541,-0.0012714862823486328,0.005950123071670532,0.0003293454647064209,-0.0017456412315368652,0.01627141237258911,0.14421793818473816,0.13335469365119934,0.06411804258823395,0.05220799148082733,0.18697142601013184,0.07470329105854034,0.10825155675411224,0.03389878571033478,0.054538387805223465,0.020130721852183342,0.04151726886630058,0.014372947625815868,0.00036152853863313794,0.0008898359374143183,0.00012912738020531833,0.00035686069168150425,0.17625199258327484,0.08253492414951324,0.10416106879711151,0.03644914925098419,0.051528237760066986,0.044999755918979645,0.04298258572816849,0.0574684701859951,0.008528077974915504,0.022839350625872612,0.02739475481212139,0.010629229247570038,0.0002456111542414874,0.0005347853293642402,0.0001839066098909825,0.00028625581762753427
216,0.5,,,,,,,,0.5,,,,,,6.0,0.0024976914282888174,399.0,0.9454522728919983,0.05415705591440201,0.5824646949768066,-0.18853920698165894,-0.15233343839645386,-0.12300713360309601,-0.08884117007255554,0.2601408362388611,0.00500720739364624,0.00447043776512146,-0.0023328661918640137,-0.0035470128059387207,0.00563618540763855,0.001656949520111084,-0.00045692920684814453,0.16276808083057404,0.14146460592746735,0.04948543384671211,0.04555470496416092,0.18069809675216675,0.07385367155075073,0.10081452876329422,0.03372448310256004,0.04943377897143364,0.019574029371142387,0.039463721215724945,0.01596253179013729,0.00036108747008256614,0.000974826340097934,9.836540994001552e-05,0.00032416603062301874,0.18537843227386475,0.08799915015697479,0.09509971737861633,0.03428906947374344,0.04705724120140076,0.04471832513809204,0.03920771926641464,0.05508160963654518,0.0073348889127373695,0.019030215218663216,0.025906210765242577,0.010921071283519268,0.0002482045965734869,0.0005530038033612072,0.0001675669482210651,0.0002904623106587678
217,0.25,,,,,,,,0.75,,,,,,6.0,0.002542411210015416,399.0,0.9342707395553589,0.0022501922212541103,0.5213128924369812,-0.13938136398792267,-0.11380049586296082,-0.08375433087348938,-0.04081149399280548,0.1927787959575653,-0.005130648612976074,0.002424180507659912,-0.00898289680480957,-0.009804844856262207,0.005714356899261475,0.001618713140487671,0.014894753694534302,0.14539027214050293,0.09928055107593536,0.0510178841650486,0.07569489628076553,0.17583099007606506,0.06481415778398514,0.14529010653495789,0.05896399915218353,0.05223703384399414,0.0076461248099803925,0.05758761242032051,0.02710392326116562,0.00039213240961544216,0.001106336247175932,0.0001226177264470607,0.0003764533612411469,0.1718599498271942,0.0612797774374485,0.11404825001955032,0.05540459603071213,0.043447040021419525,0.03826790302991867,0.04761102423071861,0.11776044219732285,0.006620908621698618,0.007131097838282585,0.046193987131118774,0.021192634478211403,0.00023548139142803848,0.0006515276618301868,0.00019632939074654132,0.00032605737214908004
218,0.75,,,,,,,,0.25,,,,,,7.0,0.003334401873871684,399.0,0.9384650588035583,0.04250343516469002,0.5587891340255737,-0.1580582708120346,-0.13644744455814362,-0.1120615154504776,-0.08097520470619202,0.24132035672664642,-0.0055114030838012695,-0.00927799940109253,-0.0038626492023468018,-0.004165351390838623,0.0011827051639556885,0.0008697807788848877,0.0008871257305145264,0.1415557712316513,0.11223971098661423,0.04589509591460228,0.042951278388500214,0.17652513086795807,0.07849999517202377,0.1041090190410614,0.042408477514982224,0.0499730259180069,0.020381195470690727,0.03754505515098572,0.013574911281466484,0.00036146253114566207,0.0008454059134237468,8.525147859472781e-05,0.0002605051558930427,0.17190642654895782,0.06856033951044083,0.08713652193546295,0.0313175730407238,0.04433690756559372,0.05037793144583702,0.03739451989531517,0.05561370030045509,0.005330014508217573,0.021075088530778885,0.022782109677791595,0.010174063965678215,0.0002365758700761944,0.0005000299424864352,0.0001491587609052658,0.00023687395150773227
219,0.5,,,,,,,,0.5,,,,,,7.0,0.0029643222223967314,399.0,0.9082976579666138,-0.004014385864138603,0.5103707909584045,-0.1304355263710022,-0.10589016228914261,-0.07320268452167511,-0.035816311836242676,0.18332667648792267,0.0028929710388183594,-0.009819090366363525,-0.0022996068000793457,-0.003298640251159668,-0.0009983479976654053,0.006124377250671387,-0.004534810781478882,0.15316730737686157,0.09681644290685654,0.036926716566085815,0.05935137718915939,0.15508334338665009,0.05451146885752678,0.11175937205553055,0.03800505772233009,0.04553631693124771,0.007535503711551428,0.049715545028448105,0.023105718195438385,0.00040245777927339077,0.0011219290317967534,7.956063200253993e-05,0.0002806766424328089,0.17001530528068542,0.06011255085468292,0.09488888084888458,0.04521450400352478,0.034246303141117096,0.03148263320326805,0.03607948124408722,0.08881761878728867,0.003865152131766081,0.006754893343895674,0.033022116869688034,0.01752791553735733,0.00023092895571608096,0.0006581671186722815,0.00014937532250769436,0.00025074713630601764
220,0.25,,,,,,,,0.75,,,,,,7.0,0.002811216516420245,380.0,0.9221094250679016,-0.02381989359855652,0.409284770488739,-0.1069725900888443,-0.08708342909812927,-0.05368848145008087,-0.009849289432168007,0.12917913496494293,-0.0021469593048095703,0.004250764846801758,-0.0006094276905059814,0.0010266304016113281,-0.006382405757904053,-0.002205759286880493,-0.004904299974441528,0.19740594923496246,0.19869671761989594,0.04901571199297905,0.08179354667663574,0.1644224375486374,0.07109249383211136,0.1286347657442093,0.033938318490982056,0.04823054000735283,0.01133230421692133,0.061226073652505875,0.019384639337658882,0.00045971819781698287,0.001610775594599545,0.00011861779785249382,0.00042398693040013313,0.19222573935985565,0.12246377021074295,0.12112358957529068,0.05660347640514374,0.04182927682995796,0.03943248093128204,0.039565857499837875,0.09360098838806152,0.007664179895073175,0.010723165236413479,0.04401891306042671,0.015315268188714981,0.0002600706066004932,0.0009400878334417939,0.00019921733473893255,0.00029847610858269036
221,0.75,,,,,,,,0.25,,,,,,11.0,0.0024970623198896646,399.0,0.9231553077697754,-0.024631883949041367,0.5364381074905396,-0.14254982769489288,-0.11696138232946396,-0.08939655125141144,-0.045803651213645935,0.17501965165138245,0.010295569896697998,-0.004394412040710449,0.005543529987335205,0.006544709205627441,-0.005910813808441162,0.015497803688049316,0.005914270877838135,0.17140112817287445,0.13969337940216064,0.044491708278656006,0.061574164777994156,0.16847148537635803,0.05892804637551308,0.12294599413871765,0.04594174772500992,0.0530182309448719,0.005951576866209507,0.054188210517168045,0.01943986304104328,0.000425326288677752,0.00140151078812778,9.842268627835438e-05,0.00032907986314967275,0.181538388133049,0.08612976223230362,0.10565134137868881,0.04361886531114578,0.042076628655195236,0.0352422334253788,0.03644253686070442,0.10686676949262619,0.008046274073421955,0.006505608092993498,0.04020536690950394,0.014458307065069675,0.00024753555771894753,0.0008333559380844235,0.00017257427680306137,0.00024962236057035625
222,0.5,,,,,,,,0.5,,,,,,11.0,0.002294795587658882,399.0,0.9461830854415894,0.0519011914730072,0.5866302847862244,-0.18492108583450317,-0.1533673107624054,-0.12441694736480713,-0.09082004427909851,0.259663462638855,0.0009788274765014648,-0.005695700645446777,0.0014767050743103027,9.146332740783691e-05,-0.0014262795448303223,0.0016544759273529053,0.007917404174804688,0.15695974230766296,0.13046132028102875,0.050909824669361115,0.049979060888290405,0.17218062281608582,0.069322869181633,0.09334525465965271,0.025166478008031845,0.046545471996068954,0.016142122447490692,0.039279162883758545,0.012687139213085175,0.00036456267116591334,0.000918678822927177,8.561438880860806e-05,0.000286180671537295,0.17820532619953156,0.07825003564357758,0.09252630919218063,0.03458020091056824,0.045546092092990875,0.04594017565250397,0.03818957880139351,0.05670183524489403,0.00737062469124794,0.01888922043144703,0.024751707911491394,0.009243260137736797,0.0002441029209876433,0.0005272377748042345,0.00015865772729739547,0.0002330424467800185
223,0.25,,,,,,,,0.75,,,,,,11.0,0.0036762794479727745,356.0,0.9386903643608093,0.04571210965514183,0.5740361213684082,-0.1920342743396759,-0.15849727392196655,-0.13039052486419678,-0.10485649108886719,0.24967920780181885,0.004418879747390747,-0.00010758638381958008,0.003930956125259399,-0.00024312734603881836,0.007536709308624268,0.007368803024291992,-0.0005804598331451416,0.1364440619945526,0.11098898202180862,0.04467182606458664,0.04058695584535599,0.1743163764476776,0.07331262528896332,0.09776311367750168,0.03499368205666542,0.052384618669748306,0.021557403728365898,0.03851943090558052,0.015268594026565552,0.00034050524118356407,0.0008022480760701001,8.44335081637837e-05,0.00026751813129521906,0.1696692854166031,0.07002746313810349,0.08726371079683304,0.030955035239458084,0.04032822325825691,0.045940253883600235,0.03696348890662193,0.056468598544597626,0.004925053101032972,0.023675231263041496,0.024595560505986214,0.01130186952650547,0.0002287171082571149,0.00047611232730560005,0.00014686171198263764,0.00024066487094387412
224,0.75,,,,,,,,0.25,,,,,,13.0,0.0021363962441682816,357.0,0.9168996810913086,-0.003112898673862219,0.5321880578994751,-0.16143372654914856,-0.12267721444368362,-0.08810532838106155,-0.03970874100923538,0.1921350061893463,-0.009267210960388184,-0.0021504759788513184,-0.002301037311553955,-0.006432235240936279,-0.001960277557373047,0.006377667188644409,-0.0019093751907348633,0.2298867106437683,0.1916607916355133,0.07931055128574371,0.11161847412586212,0.1652427762746811,0.0884660854935646,0.1753467172384262,0.06568116694688797,0.04653423652052879,0.01429032813757658,0.07652189582586288,0.041108984500169754,0.0004631008196156472,0.0014587687328457832,0.00017628322530072182,0.0005203214823268354,0.21304956078529358,0.11838207393884659,0.1661929041147232,0.08540990948677063,0.04544169828295708,0.050980567932128906,0.05668007209897041,0.12911701202392578,0.012513725087046623,0.011969389393925667,0.05245883762836456,0.029614612460136414,0.00025955605087801814,0.000869976996909827,0.00024861100246198475,0.000497541856020689
225,0.5,,,,,,,,0.5,,,,,,13.0,0.003585372120141983,362.0,0.8827517032623291,-0.02753521502017975,0.44290590286254883,-0.09625251591205597,-0.07997815310955048,-0.04646854102611542,-0.00807852204889059,0.13827550411224365,-0.010672926902770996,0.0040749311447143555,0.0012946724891662598,0.0022205114364624023,0.009303510189056396,-0.0088425874710083,-0.0083809494972229,0.12746484577655792,0.10067660361528397,0.04097304493188858,0.06091823801398277,0.156248077750206,0.046409253031015396,0.12208691239356995,0.03442683070898056,0.0515589639544487,0.00916848424822092,0.05498885735869408,0.020528705790638924,0.000378269498469308,0.0011450209422037005,9.995226719183847e-05,0.00031564777600578964,0.15335200726985931,0.06094589829444885,0.09769943356513977,0.04277797415852547,0.03499840572476387,0.026808088645339012,0.04448165372014046,0.10207854211330414,0.004857741761952639,0.007135089486837387,0.04683040827512741,0.01623287796974182,0.00021823012502864003,0.0006669530994258821,0.00018651463324204087,0.00022981656366027892
226,0.25,,,,,,,,0.75,,,,,,13.0,0.0027152439579367638,349.0,0.90458083152771,-0.023924466222524643,0.43805938959121704,-0.12620492279529572,-0.09326093643903732,-0.06605364382266998,-0.014777297154068947,0.1396511346101761,-0.003505140542984009,-0.0021783113479614258,0.0023760199546813965,0.0060662031173706055,-0.016715288162231445,-0.008487820625305176,0.0067871809005737305,0.17490890622138977,0.16012996435165405,0.06881052255630493,0.09732305258512497,0.17083874344825745,0.057142745703458786,0.12878157198429108,0.04074625298380852,0.04526621848344803,0.016075048595666885,0.06105928122997284,0.025703120976686478,0.00041118779336102307,0.0012724132975563407,0.00011407534475438297,0.0003626611432991922,0.18295863270759583,0.1009187325835228,0.12951456010341644,0.06501808762550354,0.045614343136548996,0.03349265083670616,0.03919196501374245,0.11138729006052017,0.00783294253051281,0.01215149275958538,0.04551414027810097,0.0193677619099617,0.0002452083572279662,0.0007551523740403354,0.00019544844690244645,0.0002956241078209132
227,0.75,,,,,,,,,0.25,,,,,0.0,0.002671432215720415,399.0,0.9248640537261963,-0.016491210088133812,0.5302717685699463,-0.14642280340194702,-0.11992815136909485,-0.08749598264694214,-0.042658500373363495,0.17983847856521606,0.0015583932399749756,0.003940552473068237,-0.0020355582237243652,6.639957427978516e-05,-0.010162353515625,0.0013977885246276855,-0.009090840816497803,0.21446745097637177,0.1678076982498169,0.0718977302312851,0.10529396682977676,0.1836208701133728,0.09940601885318756,0.18359804153442383,0.06277432292699814,0.05398177728056908,0.02053924836218357,0.07942987978458405,0.03672053664922714,0.00048249238170683384,0.0014354712329804897,0.00016090009012259543,0.0004607377923093736,0.2125127613544464,0.10704582929611206,0.16605468094348907,0.07682212442159653,0.05011151358485222,0.05580100789666176,0.06101062521338463,0.16181319952011108,0.013755036517977715,0.01590115763247013,0.05829979479312897,0.028186654672026634,0.0002605916524771601,0.0008695296128280461,0.00025716281379573047,0.00040496038855053484
228,0.5,,,,,,,,,0.5,,,,,0.0,0.0033346577547490597,355.0,0.9330826997756958,0.048055730760097504,0.5800718069076538,-0.18391945958137512,-0.1526753008365631,-0.13223153352737427,-0.10155324637889862,0.25396040081977844,0.0025422275066375732,0.008422106504440308,-0.0012575387954711914,0.00017622113227844238,0.0017980337142944336,0.002294182777404785,-0.0012330412864685059,0.17762431502342224,0.14543907344341278,0.057343583554029465,0.05583310127258301,0.16808374226093292,0.07671529054641724,0.11560814082622528,0.04765849933028221,0.044223666191101074,0.01494640577584505,0.042160023003816605,0.01757354848086834,0.00037412112578749657,0.001061015878804028,9.970550308935344e-05,0.00032211432699114084,0.18426541984081268,0.08861560374498367,0.10367478430271149,0.04083607345819473,0.04588624835014343,0.0484810508787632,0.040662430226802826,0.06742192804813385,0.007109796162694693,0.01606881432235241,0.026942919939756393,0.01339380070567131,0.00024139128800015897,0.0006016261759214103,0.00016675629012752324,0.0002807436394505203
229,0.25,,,,,,,,,0.75,,,,,0.0,0.003587312065064907,351.0,0.9206917881965637,-0.013877959921956062,0.4990483522415161,-0.135629802942276,-0.11368361115455627,-0.08146192878484726,-0.04362526908516884,0.17063428461551666,0.00019660592079162598,-0.0005475282669067383,-0.005478322505950928,0.00010877847671508789,-0.003981828689575195,-0.002411961555480957,0.00602760910987854,0.1768011599779129,0.13057175278663635,0.05402805656194687,0.07968340069055557,0.16218945384025574,0.07827390730381012,0.14678306877613068,0.05917711183428764,0.04843766614794731,0.010205181315541267,0.06336291134357452,0.023841053247451782,0.0004565255658235401,0.0014779315097257495,0.00010747232590802014,0.0004153916670475155,0.1809190809726715,0.08000846207141876,0.1250065565109253,0.05644555389881134,0.040614280849695206,0.04495823755860329,0.042983368039131165,0.11750384420156479,0.009285155683755875,0.00852894876152277,0.044183094054460526,0.017878031358122826,0.0002492035273462534,0.0008823770913295448,0.00020321474585216492,0.00032712751999497414
230,0.75,,,,,,,,,0.25,,,,,5.0,0.003140736371278763,399.0,0.9244419932365417,-0.016857046633958817,0.4907028079032898,-0.133102685213089,-0.10612821578979492,-0.07078075408935547,-0.029064593836665154,0.16506296396255493,0.0017353296279907227,-0.006421774625778198,-0.0025739073753356934,-0.003973245620727539,-0.0010359883308410645,-0.003462880849838257,0.008547306060791016,0.197254940867424,0.16016115248203278,0.06021030247211456,0.08197344094514847,0.15262484550476074,0.08746958523988724,0.14317789673805237,0.04827391356229782,0.04726622998714447,0.013950186781585217,0.060192614793777466,0.026576485484838486,0.0004578271182253957,0.0014135445235297084,0.00014304467185866088,0.00044199288822710514,0.1914413869380951,0.1008601114153862,0.12860611081123352,0.06064138934016228,0.0371364988386631,0.04958406090736389,0.04705614596605301,0.10798391699790955,0.009964064694941044,0.01164909079670906,0.041772522032260895,0.019400421530008316,0.00024376293004024774,0.0008497504750266671,0.00021597080922219902,0.00035113521153107285
231,0.5,,,,,,,,,0.5,,,,,5.0,0.0024978970177471638,349.0,0.5269778966903687,0.14863267540931702,0.6386380195617676,-0.22810232639312744,-0.1940264254808426,-0.17811252176761627,-0.1830894649028778,0.3625497817993164,-0.012227773666381836,-0.008995652198791504,0.0033441483974456787,0.005932986736297607,-0.006339967250823975,-0.006251275539398193,0.0007193982601165771,0.14915552735328674,0.12002085149288177,0.09489560127258301,0.15759386122226715,0.2039128839969635,0.0886564776301384,0.3231375217437744,0.09638354927301407,0.06093163788318634,0.014310033060610294,0.09113165736198425,0.0009852027287706733,0.0003656152985058725,0.000887688307557255,0.00023448516731150448,0.0008121732389554381,0.1844789832830429,0.07685796171426773,0.20062632858753204,0.10294654965400696,0.05605394393205643,0.053645163774490356,0.11241555213928223,0.06882426887750626,0.011380312032997608,0.013706286437809467,0.04532890394330025,0.013606610707938671,0.00024666590616106987,0.0005756471655331552,0.00029414083110168576,0.0006360316765494645
232,0.25,,,,,,,,,0.75,,,,,5.0,0.003241871017962694,399.0,0.9219947457313538,-0.011808965355157852,0.5000442862510681,-0.1446438729763031,-0.10995469987392426,-0.07776954770088196,-0.033462945371866226,0.17276418209075928,0.004221230745315552,0.005528241395950317,0.0018012523651123047,-0.0026454925537109375,-0.0015429556369781494,-0.007712900638580322,0.001896589994430542,0.1889619082212448,0.15731768310070038,0.0664321780204773,0.08955711871385574,0.18043749034404755,0.10110527276992798,0.18153800070285797,0.11118535697460175,0.05071385204792023,0.016105471178889275,0.06552094966173172,0.036619365215301514,0.00042546013719402254,0.0013946355320513248,0.00014885001291986555,0.00043777882819995284,0.19287803769111633,0.09913870692253113,0.13792401552200317,0.06845328956842422,0.04952142387628555,0.058343369513750076,0.05308866873383522,0.12422080338001251,0.009599044919013977,0.013495776802301407,0.049179643392562866,0.024999933317303658,0.00024134448904078454,0.0008367568952962756,0.0002255189756397158,0.0004078626516275108
233,0.75,,,,,,,,,0.25,,,,,6.0,0.003227350302040577,349.0,0.9271168112754822,0.09376015514135361,0.5851024389266968,-0.19058896601200104,-0.15595105290412903,-0.13017064332962036,-0.10278229415416718,0.2954432964324951,-0.004068166017532349,0.00326615571975708,0.005338072776794434,0.0029462873935699463,-0.009494125843048096,-0.010530650615692139,0.006498008966445923,0.16201169788837433,0.1271953582763672,0.062194108963012695,0.05013028532266617,0.17299041152000427,0.06874329596757889,0.0988885685801506,0.03655656427145004,0.04743143543601036,0.016541587188839912,0.03837069869041443,0.013854087330400944,0.00036997179267928004,0.0008682012557983398,0.00011252301192143932,0.00030804993002675474,0.17521396279335022,0.07646238058805466,0.10003669559955597,0.03517894819378853,0.05114492401480675,0.04476507753133774,0.04001796618103981,0.06278327852487564,0.010310172103345394,0.01824023202061653,0.025339679792523384,0.010338548570871353,0.000245777569944039,0.00049526960356161,0.00017715014109853655,0.00025330670177936554
234,0.5,,,,,,,,,0.5,,,,,6.0,0.003002682700753212,353.0,0.9218644499778748,-9.850179776549339e-05,0.5038682222366333,-0.15552595257759094,-0.10119697451591492,-0.07802960276603699,-0.03403981402516365,0.18433544039726257,0.0014361143112182617,0.002267807722091675,0.0010139942169189453,0.004721224308013916,0.00724714994430542,0.006112217903137207,0.004995405673980713,0.16717952489852905,0.1511981189250946,0.046311210840940475,0.07560446858406067,0.1759045273065567,0.06435547024011612,0.12631504237651825,0.05353204905986786,0.05580843240022659,0.011878801509737968,0.05693758279085159,0.03420118987560272,0.0004273020604159683,0.001465946203097701,0.00011204911425011232,0.00038844795199111104,0.18365110456943512,0.09391851723194122,0.11124617606401443,0.06052462384104729,0.04297209903597832,0.03519672527909279,0.0396355576813221,0.09289122372865677,0.008018581196665764,0.010440662503242493,0.041578374803066254,0.02311951108276844,0.0002561704604886472,0.0008519782568328083,0.00017829492571763694,0.00036902865394949913
235,0.25,,,,,,,,,0.75,,,,,6.0,0.0025333287194371223,354.0,0.9154587388038635,-0.008499796502292156,0.5103961229324341,-0.14110320806503296,-0.10597706586122513,-0.07624445855617523,-0.039975449442863464,0.17944487929344177,0.005427181720733643,-0.017051219940185547,-0.0005442798137664795,0.0035517513751983643,0.005591273307800293,-0.0017572641372680664,0.0008469820022583008,0.14036156237125397,0.09509618580341339,0.047537434846162796,0.07460279762744904,0.16511034965515137,0.05739215761423111,0.15916059911251068,0.06263355910778046,0.05853229761123657,0.00467632245272398,0.06880688667297363,0.033287566155195236,0.0004670009948313236,0.001188247581012547,0.00010188172745984048,0.0003768645692616701,0.1661965548992157,0.06044870242476463,0.12416958808898926,0.05752985179424286,0.03938433155417442,0.030799534171819687,0.05260555446147919,0.1254201978445053,0.009988740086555481,0.005451482255011797,0.05205054581165314,0.0220196396112442,0.0002519694098737091,0.0007064162637107074,0.00022251991322264075,0.0003346556914038956
236,0.75,,,,,,,,,0.25,,,,,7.0,0.003716500010341406,355.0,0.9011989831924438,-0.02119022235274315,0.5061593651771545,-0.12188105285167694,-0.09262028336524963,-0.06430239975452423,-0.024213384836912155,0.1668839454650879,0.0007762312889099121,-0.0008345842361450195,-0.0017573833465576172,-0.004899203777313232,-0.00017848610877990723,-0.005052417516708374,-0.007607460021972656,0.2220415621995926,0.19475293159484863,0.07096278667449951,0.09777500480413437,0.1631416529417038,0.08880428224802017,0.14182379841804504,0.053505584597587585,0.04899510741233826,0.014161699451506138,0.060391005128622055,0.02307765744626522,0.0004549435107037425,0.001420115469954908,0.0001608824823051691,0.0004547861753962934,0.20646145939826965,0.11748768389225006,0.1326381266117096,0.06438747048377991,0.04312965273857117,0.05190373957157135,0.04186252877116203,0.10459984838962555,0.01273207738995552,0.01186991948634386,0.04287033900618553,0.017413437366485596,0.000255991326412186,0.0008449977030977607,0.00020593684166669846,0.00033218314638361335
237,0.5,,,,,,,,,0.5,,,,,7.0,0.002271072706207633,399.0,0.9352558851242065,-0.011586715467274189,0.5136991739273071,-0.13388225436210632,-0.10711292922496796,-0.07526351511478424,-0.03497222810983658,0.17801296710968018,0.010590463876724243,0.0008075535297393799,0.007832646369934082,0.01003524661064148,-0.01265794038772583,0.002615123987197876,0.0006907880306243896,0.18034839630126953,0.11324940621852875,0.04992149397730827,0.06575470417737961,0.15959641337394714,0.0760042667388916,0.1357426792383194,0.05045315995812416,0.047146957367658615,0.00828823633491993,0.055954523384571075,0.02530786581337452,0.00041590144974179566,0.0011458322405815125,0.00011639588046818972,0.00030383613193407655,0.18561281263828278,0.06966284662485123,0.11023914068937302,0.04944982752203941,0.03778954595327377,0.0441318117082119,0.047404900193214417,0.10685306787490845,0.006779321003705263,0.007190470118075609,0.0430682897567749,0.01827389933168888,0.00022998398344498128,0.0006686574197374284,0.00018940810696221888,0.00027091967058368027
238,0.25,,,,,,,,,0.75,,,,,7.0,0.002529058139771223,399.0,0.919379711151123,-0.00274379039183259,0.510744571685791,-0.12328198552131653,-0.1074443981051445,-0.0780506283044815,-0.03962479159235954,0.18454784154891968,-0.0017345249652862549,-0.0030397772789001465,-0.0012410879135131836,0.003188997507095337,-0.00580170750617981,-0.004350423812866211,-0.0001627504825592041,0.12028646469116211,0.09731744229793549,0.04214930161833763,0.04786672443151474,0.1727423369884491,0.07694980502128601,0.10456991195678711,0.03763177990913391,0.04831903055310249,0.018890785053372383,0.03999388962984085,0.011541915126144886,0.0003543600905686617,0.0008790343999862671,8.127742330543697e-05,0.0002702050260268152,0.16137300431728363,0.059951670467853546,0.08869849145412445,0.031923677772283554,0.039796408265829086,0.04921436309814453,0.03487884998321533,0.07156354933977127,0.0037206707056611776,0.019614165648818016,0.023730771616101265,0.009146478958427906,0.00021950947120785713,0.0005158921121619642,0.000157233327627182,0.00020936397777404636
239,0.75,,,,,,,,,0.25,,,,,11.0,0.0028769904747605324,399.0,0.9161021709442139,0.036283284425735474,0.5262678861618042,-0.17254593968391418,-0.13947467505931854,-0.11347486823797226,-0.08441479504108429,0.22414815425872803,0.0044196248054504395,0.0005262196063995361,0.0018090009689331055,-0.0004482269287109375,0.003933846950531006,0.0035489797592163086,0.0017134547233581543,0.15553158521652222,0.14132069051265717,0.05474351346492767,0.05568002164363861,0.18830303847789764,0.08138161897659302,0.11863604187965393,0.05012090131640434,0.05320052057504654,0.017139924690127373,0.04436353221535683,0.017879895865917206,0.0003801885468419641,0.0010662234853953123,0.0001038190457620658,0.0003647259436547756,0.18338201940059662,0.0871768370270729,0.10720058530569077,0.04073019698262215,0.05209067091345787,0.04983348026871681,0.04340062290430069,0.0711401179432869,0.00840754248201847,0.020464472472667694,0.029106637462973595,0.012685137800872326,0.00025181606179103255,0.0006131912814453244,0.00018692774756345898,0.0003095291613135487
240,0.5,,,,,,,,,0.5,,,,,11.0,0.0035189404152333736,399.0,0.9058932662010193,0.0009924543555825949,0.4793556332588196,-0.13868461549282074,-0.11432619392871857,-0.08651091158390045,-0.05243050307035446,0.17634308338165283,0.002405703067779541,0.0007443726062774658,0.0007956922054290771,-0.003841102123260498,0.0011649727821350098,0.003374338150024414,0.004622101783752441,0.16387929022312164,0.1291942000389099,0.04380173236131668,0.05819515138864517,0.1633022278547287,0.07261602580547333,0.12079177796840668,0.04690983518958092,0.046568363904953,0.012875753454864025,0.04989868029952049,0.022804491221904755,0.0003746621950995177,0.0011308540124446154,9.159652108792216e-05,0.0002933534560725093,0.17604437470436096,0.0787598192691803,0.10205783694982529,0.04477299377322197,0.03822079300880432,0.044452399015426636,0.03798525407910347,0.0926976129412651,0.005899056326597929,0.011264339089393616,0.03319021686911583,0.016613511368632317,0.00022636681387666613,0.00065212557092309,0.00016499217599630356,0.0002820829104166478
241,0.25,,,,,,,,,0.75,,,,,11.0,0.002539027249440551,399.0,0.9280115365982056,-0.013490233570337296,0.5240113139152527,-0.16611695289611816,-0.12188597023487091,-0.09075397253036499,-0.04232349991798401,0.18011291325092316,0.0046961307525634766,0.002077251672744751,0.004786700010299683,0.005238890647888184,0.006621301174163818,-0.0023097991943359375,-0.006645679473876953,0.18030652403831482,0.14104987680912018,0.05555365979671478,0.08652881532907486,0.17363862693309784,0.07591985911130905,0.15390093624591827,0.06468379497528076,0.04956108704209328,0.013853171840310097,0.06391406804323196,0.03867850825190544,0.0004155834612902254,0.0013322633458301425,0.00011816006008302793,0.0003765994915738702,0.18899253010749817,0.08863282948732376,0.12819236516952515,0.0699475035071373,0.04441196098923683,0.044162817299366,0.053337790071964264,0.11744996160268784,0.008238064125180244,0.012222028337419033,0.04491695016622543,0.025751903653144836,0.0002392241731286049,0.000757594418246299,0.0002152627130271867,0.00040476833237335086
242,0.75,,,,,,,,,0.25,,,,,13.0,0.003534994786605239,399.0,0.859196662902832,0.0011158273555338383,0.5270209908485413,-0.15491539239883423,-0.12575069069862366,-0.09570424258708954,-0.05407675728201866,0.19385087490081787,0.0013514459133148193,0.005555003881454468,-0.006510138511657715,-0.0014204084873199463,0.007775932550430298,-0.001310497522354126,0.0007938742637634277,0.2674218714237213,0.2502437233924866,0.10155590623617172,0.12436389923095703,0.15534625947475433,0.07920157164335251,0.14248540997505188,0.05826171115040779,0.04241295903921127,0.017376622185111046,0.05927492678165436,0.030754879117012024,0.0004330863303039223,0.0013182428665459156,0.000197135959751904,0.0005640779272653162,0.2314896434545517,0.15359438955783844,0.15438950061798096,0.08578278124332428,0.041527118533849716,0.045417096465826035,0.042870327830314636,0.10389336198568344,0.010817084461450577,0.012580103240907192,0.039483122527599335,0.022209327667951584,0.0002483949647285044,0.0007892254507169127,0.0002014262427110225,0.0004349047667346895
243,0.5,,,,,,,,,0.5,,,,,13.0,0.0032545418944209814,399.0,0.89144366979599,-0.01655949279665947,0.4916343688964844,-0.14570587873458862,-0.1051812395453453,-0.07755228877067566,-0.03517512232065201,0.1655847430229187,-0.004605382680892944,-0.006380259990692139,0.0032350122928619385,-0.0005674958229064941,-0.005707740783691406,0.005006343126296997,0.000125199556350708,0.20599468052387238,0.16776107251644135,0.05722460895776749,0.08168105036020279,0.16827242076396942,0.07033741474151611,0.13941988348960876,0.055749792605638504,0.04409075900912285,0.011763892136514187,0.05954759940505028,0.029124461114406586,0.00045118166599422693,0.0015104359481483698,0.00012368442548904568,0.00041504859109409153,0.19573518633842468,0.1051863357424736,0.1203439012169838,0.059080302715301514,0.04648919776082039,0.03944369778037071,0.046104803681373596,0.11084587126970291,0.008220077492296696,0.010740655474364758,0.04589034989476204,0.02061467245221138,0.0002613530377857387,0.0009116041474044323,0.0001974276965484023,0.000344790838425979
244,0.25,,,,,,,,,0.75,,,,,13.0,0.003156773280352354,399.0,0.8805757164955139,-0.006734211929142475,0.5024679899215698,-0.15341603755950928,-0.11355023086071014,-0.08247454464435577,-0.040679845958948135,0.1781150996685028,0.0062351226806640625,-0.009028881788253784,0.00012922286987304688,0.0034759044647216797,-0.0032901763916015625,-0.0007715225219726562,0.0032755136489868164,0.19292980432510376,0.1496874839067459,0.06807386875152588,0.10251221060752869,0.17605780065059662,0.06862407177686691,0.1691594421863556,0.07282678037881851,0.0467924028635025,0.019484149292111397,0.07248134166002274,0.043055012822151184,0.00044673949014395475,0.0012818482937291265,0.00017959714750759304,0.0004452242574188858,0.19822464883327484,0.09471157193183899,0.14676222205162048,0.0765555277466774,0.046958766877651215,0.03923257440328598,0.053580883890390396,0.13245727121829987,0.007385877426713705,0.014971754513680935,0.05282486230134964,0.029460426419973373,0.00026560216792859137,0.0007727125193923712,0.00023421840160153806,0.00040811655344441533
245,0.75,,,,,,,,,,0.25,,,,0.0,0.0028833867982029915,324.0,0.896478533744812,-0.01677759923040867,0.36693912744522095,-0.09152083098888397,-0.07036720216274261,-0.04014647752046585,-0.0018496217671781778,0.11977877467870712,-0.0002677440643310547,-0.0070664286613464355,0.008154541254043579,0.006398677825927734,-0.0048857927322387695,0.003687649965286255,-0.006333649158477783,0.17928023636341095,0.1554144024848938,0.05593275651335716,0.07095075398683548,0.15466764569282532,0.07105390727519989,0.1350460946559906,0.044342245906591415,0.03821192681789398,0.009981811977922916,0.056317754089832306,0.0211191326379776,0.0003847462357953191,0.0011920304968953133,0.00011813981109298766,0.0003952333645429462,0.18149976432323456,0.0958809033036232,0.12174271792173386,0.051432713866233826,0.039176832884550095,0.042787741869688034,0.04179541766643524,0.09807899594306946,0.00562851969152689,0.01120476983487606,0.03432605415582657,0.015024409629404545,0.0002279648615512997,0.0007272010552696884,0.00019697356037795544,0.00033007198362611234
246,0.5,,,,,,,,,,0.5,,,,0.0,0.0034455691929906607,328.0,0.9282410144805908,-0.0009911716915667057,0.5382586121559143,-0.17100411653518677,-0.1340467929840088,-0.09830697625875473,-0.05727488175034523,0.19617746770381927,0.004940062761306763,-0.0071683526039123535,0.00021854043006896973,-0.0002549588680267334,0.009826093912124634,0.00539928674697876,-0.0007502138614654541,0.21142901480197906,0.17441391944885254,0.06415154784917831,0.08731570839881897,0.16137565672397614,0.08880160003900528,0.1398206204175949,0.05422934144735336,0.04816577211022377,0.013017725199460983,0.062064334750175476,0.03456772491335869,0.0004587257863022387,0.001455618068575859,0.0001337262219749391,0.0003628285776358098,0.19972814619541168,0.1078856810927391,0.13219617307186127,0.06673286855220795,0.041988447308540344,0.04942019656300545,0.04367760941386223,0.1062619537115097,0.010350706987082958,0.011468217708170414,0.040939558297395706,0.02359883114695549,0.00025557249318808317,0.0008477020310238004,0.00019867696391884238,0.00037567998515442014
247,0.25,,,,,,,,,,0.75,,,,0.0,0.0026154944207519293,399.0,0.9409668445587158,0.10450790822505951,0.6006802320480347,-0.21410667896270752,-0.17878074944019318,-0.14843209087848663,-0.12049617618322372,0.31044358015060425,-0.0052449703216552734,0.0011620819568634033,0.007258296012878418,0.010622471570968628,-0.016230106353759766,0.0032106637954711914,-3.6716461181640625e-05,0.16135966777801514,0.13031743466854095,0.062198348343372345,0.05186108127236366,0.17401078343391418,0.07582677900791168,0.0942554846405983,0.024964231997728348,0.0448932945728302,0.01724807173013687,0.03886708989739418,0.014560696668922901,0.0003473759861662984,0.0008145184256136417,0.00011111117055406794,0.0002941648999694735,0.1761464774608612,0.08100876212120056,0.09702431410551071,0.035363271832466125,0.050309956073760986,0.043272096663713455,0.03989780321717262,0.04695819318294525,0.0081138601526618,0.019028808921575546,0.025773873552680016,0.010238133370876312,0.00024604558711871505,0.0005185456830076873,0.00016572167805861682,0.0002350756258238107
248,0.75,,,,,,,,,,0.25,,,,5.0,0.003135668346658349,399.0,0.9136348366737366,-0.01636224426329136,0.4919460415840149,-0.12244771420955658,-0.10096000134944916,-0.06838373839855194,-0.03238975629210472,0.16589871048927307,-0.0050514936447143555,0.0009694397449493408,0.003411412239074707,0.0034908056259155273,-0.0031097829341888428,0.008079349994659424,-0.004902958869934082,0.14243151247501373,0.0945991575717926,0.05150671675801277,0.08460324257612228,0.1591286063194275,0.06123135983943939,0.1571168452501297,0.05058848857879639,0.049075957387685776,0.005934362765401602,0.06695418804883957,0.030308308079838753,0.0003999851178377867,0.0010398769518360496,0.0001383759081363678,0.0005052612395957112,0.1616259515285492,0.05968521535396576,0.1268206089735031,0.062192633748054504,0.037672556936740875,0.034318603575229645,0.05163490027189255,0.1217159554362297,0.0067783682607114315,0.006002242676913738,0.0509331151843071,0.023030614480376244,0.00021822519192937762,0.0006182228098623455,0.00023022670939099044,0.0004120541852898896
249,0.5,,,,,,,,,,0.5,,,,5.0,0.003544978331774473,283.0,0.8734767436981201,-0.019708115607500076,0.5038780570030212,-0.11466898024082184,-0.094255730509758,-0.06110628694295883,-0.02256365865468979,0.16733461618423462,0.005245625972747803,-0.005798637866973877,0.01030924916267395,0.006649374961853027,-0.003937900066375732,-0.0023869872093200684,0.003473252058029175,0.17602363228797913,0.15596508979797363,0.0652344599366188,0.1033017560839653,0.17901460826396942,0.0625227838754654,0.16622935235500336,0.056004174053668976,0.04939216747879982,0.014995457604527473,0.07464449107646942,0.035107679665088654,0.00041759401210583746,0.0012425585882738233,0.00013961571676190943,0.00045261127525009215,0.18554054200649261,0.0955510139465332,0.1491721123456955,0.07518557459115982,0.046762000769376755,0.03617551922798157,0.05312655121088028,0.13317371904850006,0.008621348068118095,0.013024571351706982,0.05274878814816475,0.026429831981658936,0.00024373318592552096,0.0007049664855003357,0.0002320053754374385,0.00041967222932726145
250,0.25,,,,,,,,,,0.75,,,,5.0,0.003225401509553194,265.0,0.8764190673828125,-0.01825939491391182,0.4362042546272278,-0.10548435151576996,-0.08709509670734406,-0.05264890938997269,-0.020361533388495445,0.14381122589111328,0.006641864776611328,-0.0056465864181518555,-0.0013310611248016357,-0.0049749016761779785,0.0009768009185791016,0.00023570656776428223,-0.00596463680267334,0.17087425291538239,0.1447305679321289,0.06063235178589821,0.10061001032590866,0.1763601154088974,0.07078547775745392,0.17550651729106903,0.05005588009953499,0.04802767559885979,0.009607434272766113,0.07916591316461563,0.03102806955575943,0.0004130057350266725,0.0013595545897260308,0.0001351926475763321,0.0004984118859283626,0.18170398473739624,0.08881766349077225,0.1553911715745926,0.07278484106063843,0.04605318233370781,0.040375709533691406,0.05848972871899605,0.14575901627540588,0.008898289874196053,0.010669943876564503,0.05648265406489372,0.024242829531431198,0.00024566365755163133,0.000792485021520406,0.00025807932252064347,0.00039682345231994987
251,0.75,,,,,,,,,,0.25,,,,6.0,0.003942200914025307,346.0,0.9350683093070984,0.031016163527965546,0.5714240074157715,-0.17043253779411316,-0.1397528350353241,-0.11012069135904312,-0.0722922831773758,0.2360525131225586,0.0009521842002868652,0.0024042129516601562,0.0018253624439239502,-0.002631247043609619,0.004217177629470825,-0.009315550327301025,0.010100454092025757,0.14182068407535553,0.10831701010465622,0.05353369563817978,0.05443597957491875,0.17933449149131775,0.08082704991102219,0.12038716673851013,0.04192402958869934,0.05162778124213219,0.020112866535782814,0.04750833287835121,0.018336886540055275,0.0003470967640168965,0.0008097939426079392,0.00010518880299059674,0.00036097154952585697,0.17342419922351837,0.06710071116685867,0.11247337609529495,0.04044950008392334,0.04492161050438881,0.05086353048682213,0.045538708567619324,0.08182843029499054,0.005844119004905224,0.021188436076045036,0.03195556253194809,0.014080556109547615,0.00023280666209757328,0.00048630981473252177,0.00020259810844436288,0.00032017179182730615
252,0.5,,,,,,,,,,0.5,,,,6.0,0.003113461658358574,289.0,0.8996654748916626,-0.027375422418117523,0.439011812210083,-0.11299785226583481,-0.09030040353536606,-0.05107278376817703,-0.003632629755884409,0.13697336614131927,2.849102020263672e-05,0.0033883750438690186,0.006532728672027588,0.010358363389968872,-0.008617579936981201,-0.0006707906723022461,-0.0017150044441223145,0.13250961899757385,0.12063069641590118,0.0470757782459259,0.08749765157699585,0.17127875983715057,0.07012179493904114,0.16807733476161957,0.05182552710175514,0.056270282715559006,0.007514651864767075,0.07469305396080017,0.030352694913744926,0.00041683990275487304,0.0014773476868867874,0.00012883191811852157,0.0005256227450445294,0.16031427681446075,0.07608870416879654,0.1342441588640213,0.06432964652776718,0.04049531742930412,0.03857357054948807,0.056245893239974976,0.1287432163953781,0.008508228696882725,0.0059358770959079266,0.05608660355210304,0.0225569698959589,0.00022842444013804197,0.0008868211298249662,0.00024388704332523048,0.00038330204552039504
253,0.25,,,,,,,,,,0.75,,,,6.0,0.003924715332686901,251.0,0.936608076095581,0.04514320194721222,0.5959520936012268,-0.18570327758789062,-0.1494273841381073,-0.11992333829402924,-0.08353672921657562,0.2572477459907532,0.013508051633834839,-0.013650476932525635,0.0014219284057617188,0.0006499886512756348,0.006611853837966919,0.0057000815868377686,0.0019329190254211426,0.1584465056657791,0.13378669321537018,0.060741525143384933,0.05605832859873772,0.17730948328971863,0.07183342427015305,0.12464819103479385,0.044307585805654526,0.05023316293954849,0.015273526310920715,0.048334091901779175,0.01822931319475174,0.00035844836384058,0.0008595751132816076,0.000112365567474626,0.00034238232183270156,0.17728698253631592,0.08044552803039551,0.11621339619159698,0.04134943336248398,0.05087921395897865,0.04609944671392441,0.04627396538853645,0.07688857614994049,0.010438915342092514,0.017676599323749542,0.033211976289749146,0.013604091480374336,0.0002392958995187655,0.0005055840592831373,0.0001983780530281365,0.00030726121622137725
254,0.75,,,,,,,,,,0.25,,,,7.0,0.0034882291220128536,308.0,0.9034567475318909,-0.018473541364073753,0.4660266041755676,-0.10773108899593353,-0.09268522262573242,-0.06173448637127876,-0.01884032040834427,0.1545141190290451,-0.002349674701690674,0.0009577572345733643,-0.0032022297382354736,-0.003009974956512451,-0.007145822048187256,-0.01054471731185913,0.014610588550567627,0.15914875268936157,0.129790261387825,0.049300260841846466,0.08654604107141495,0.18004179000854492,0.08122443407773972,0.1753353476524353,0.0632600262761116,0.05109504237771034,0.009658930823206902,0.0738576129078865,0.024876471608877182,0.0004008891701232642,0.0012494163820520043,0.00012654252350330353,0.00037089615943841636,0.17795616388320923,0.08008865267038345,0.1372397094964981,0.06130824610590935,0.045570798218250275,0.04499443620443344,0.054595936089754105,0.1267334520816803,0.00763736804947257,0.008763857185840607,0.055267516523599625,0.020321201533079147,0.0002304808294866234,0.0007273155497387052,0.00022996171901468188,0.0002977967669721693
255,0.5,,,,,,,,,,0.5,,,,7.0,0.00457367580384016,245.0,0.9290028810501099,0.011866386979818344,0.5764197111129761,-0.1634218543767929,-0.1360636204481125,-0.10172100365161896,-0.06418755650520325,0.22124475240707397,0.007916808128356934,0.004116028547286987,-0.00890803337097168,-0.006630361080169678,-0.010510683059692383,0.009910732507705688,-0.0028938651084899902,0.13355232775211334,0.10801868140697479,0.05165114998817444,0.05946839228272438,0.1752464473247528,0.07805170118808746,0.12513290345668793,0.03966285288333893,0.051877107471227646,0.016373390331864357,0.05193569138646126,0.02198093570768833,0.0003451688098721206,0.000839715008623898,9.560911712469533e-05,0.0003482938336674124,0.16647586226463318,0.0668998435139656,0.11630526185035706,0.04483909532427788,0.043780017644166946,0.0498509556055069,0.04736350104212761,0.08871682733297348,0.00835760124027729,0.016807498410344124,0.03425409272313118,0.017840692773461342,0.00022352430096361786,0.0004984253318980336,0.00020299370225984603,0.0003280139353591949
256,0.25,,,,,,,,,,0.75,,,,7.0,0.00304678687825799,243.0,0.9201973676681519,0.04435610771179199,0.5849074721336365,-0.178808331489563,-0.142282634973526,-0.11034935712814331,-0.06987577676773071,0.252521812915802,0.006673872470855713,-0.0036324262619018555,-0.002238631248474121,-0.0028656721115112305,0.0004532039165496826,0.01639646291732788,-0.00010597705841064453,0.13060812652111053,0.10506580770015717,0.055422697216272354,0.05028025060892105,0.1799188107252121,0.07613183557987213,0.11089234799146652,0.039402421563863754,0.05381834879517555,0.022086353972554207,0.04375916346907616,0.015823345631361008,0.0003429241478443146,0.0007423192728310823,0.00010655062942532822,0.0003348122409079224,0.16484440863132477,0.06553459167480469,0.10579612851142883,0.03636116161942482,0.04670361801981926,0.04707995802164078,0.0436348132789135,0.0757208988070488,0.007358231116086245,0.02238009311258793,0.02922932058572769,0.01252133771777153,0.00022804671607445925,0.0004585774149745703,0.00019826013885904104,0.0002892451302614063
257,0.75,,,,,,,,,,0.25,,,,11.0,0.003194250166416168,239.0,0.914272665977478,-0.011912113055586815,0.5257169008255005,-0.13825172185897827,-0.10846100002527237,-0.08281872421503067,-0.04111373424530029,0.18205419182777405,-0.002543628215789795,0.0077517032623291016,0.0042147040367126465,0.0027831196784973145,-2.905726432800293e-05,-0.0008570551872253418,8.055567741394043e-05,0.16823045909404755,0.11725955456495285,0.05738229304552078,0.08235286921262741,0.16600476205348969,0.0777171328663826,0.1783151477575302,0.059118032455444336,0.05094686523079872,0.01096954196691513,0.07512510567903519,0.02770056016743183,0.0004224928270559758,0.0011577252298593521,0.0001376781874569133,0.00038184993900358677,0.1790049970149994,0.07339334487915039,0.14623598754405975,0.059687960892915726,0.040816981345415115,0.043937310576438904,0.057555947452783585,0.14872658252716064,0.01023855246603489,0.010036621242761612,0.051608964800834656,0.021667605265975,0.0002278158935951069,0.0006909713265486062,0.0002465047291480005,0.00031352692167274654
258,0.5,,,,,,,,,,0.5,,,,11.0,0.004425801802426577,234.0,0.9016860723495483,-0.008142531849443913,0.47253769636154175,-0.1285649538040161,-0.10466375201940536,-0.0667005181312561,-0.030372053384780884,0.1658671498298645,0.0030566751956939697,0.016773700714111328,-0.0017451643943786621,8.940696716308594e-07,0.0006161332130432129,0.004926592111587524,0.0043371617794036865,0.19522632658481598,0.15350516140460968,0.06014889478683472,0.08465630561113358,0.16712449491024017,0.07505496591329575,0.16409872472286224,0.056820787489414215,0.04812638461589813,0.010215381160378456,0.07141034305095673,0.03388000279664993,0.00043995538726449013,0.0012721660314127803,0.00014247007493395358,0.0003866722690872848,0.19256725907325745,0.09494275599718094,0.1433001011610031,0.06549473106861115,0.044303279370069504,0.04407237470149994,0.05373033881187439,0.12720295786857605,0.009022940881550312,0.00933059025555849,0.0489998422563076,0.024415338411927223,0.00024085663608275354,0.0007405904470942914,0.00023777512251399457,0.0003726801660377532
259,0.25,,,,,,,,,,0.75,,,,11.0,0.0037781826686114073,261.0,0.8872767686843872,0.04683152586221695,0.557996928691864,-0.16838178038597107,-0.14510062336921692,-0.1153854951262474,-0.08391399681568146,0.2448970079421997,-0.0013868510723114014,-0.006165206432342529,0.0011530816555023193,0.006978511810302734,-0.005231589078903198,-0.01073157787322998,0.004590243101119995,0.16198398172855377,0.1438000500202179,0.04759591072797775,0.04489622637629509,0.1665157824754715,0.07141128182411194,0.08209633827209473,0.023750776425004005,0.047203339636325836,0.016581933945417404,0.03352341055870056,0.013047915883362293,0.0003847838088404387,0.0010426094522699714,9.674135071691126e-05,0.0003104599891230464,0.17993232607841492,0.08700613677501678,0.08149466663599014,0.031192444264888763,0.03966996446251869,0.04476391151547432,0.03167595714330673,0.04705880582332611,0.004567218013107777,0.018346481025218964,0.02191835455596447,0.009790533222258091,0.0002483743883203715,0.0006034600082784891,0.00014492913032881916,0.0002520635025575757
260,0.75,,,,,,,,,,0.25,,,,13.0,0.004305667243897915,231.0,0.900070309638977,0.012962776236236095,0.5461013317108154,-0.172607883810997,-0.13109531998634338,-0.09651128947734833,-0.06585587561130524,0.21112743020057678,-0.007112950086593628,-0.005020856857299805,-0.008262217044830322,-0.006121814250946045,0.0036627650260925293,0.002328544855117798,0.004379481077194214,0.16959628462791443,0.13209858536720276,0.053235940635204315,0.05506065487861633,0.15430976450443268,0.06847025454044342,0.1086546778678894,0.04187464714050293,0.04031110554933548,0.01718088798224926,0.041257139295339584,0.01968025229871273,0.0003790232876781374,0.0009529197704978287,9.9051627330482e-05,0.0003489665687084198,0.1775551587343216,0.07987374812364578,0.09938344359397888,0.040550801903009415,0.03632739931344986,0.04460329934954643,0.04057542234659195,0.06666315346956253,0.0038501403760164976,0.017810149118304253,0.026463471353054047,0.01524453703314066,0.00022843529586680233,0.0005356490728445351,0.0001675204111961648,0.00030341758974827826
261,0.5,,,,,,,,,,0.5,,,,13.0,0.003388016251847148,263.0,0.8835924863815308,-0.025156691670417786,0.4852272868156433,-0.12359625101089478,-0.09197802096605301,-0.0647335946559906,-0.025151580572128296,0.15581932663917542,-0.0068473219871521,0.0016524195671081543,0.001821666955947876,-0.002974867820739746,0.0053632259368896484,-0.00016453862190246582,-0.0026081204414367676,0.13123588263988495,0.11573275178670883,0.04328719526529312,0.07796142250299454,0.17092657089233398,0.06731335073709488,0.16737347841262817,0.05866416543722153,0.056376662105321884,0.009693199768662453,0.0747385025024414,0.03144490718841553,0.0003926769131794572,0.0013134285109117627,0.0001110345619963482,0.0003890977241098881,0.1584637463092804,0.07171327620744705,0.13361363112926483,0.06063602864742279,0.03959598392248154,0.03818992152810097,0.05343376845121384,0.12955692410469055,0.008454950526356697,0.00774484034627676,0.056555408984422684,0.023470444604754448,0.00021861596906092018,0.0007610212778672576,0.0002293342986376956,0.0003453243989497423
262,0.25,,,,,,,,,,0.75,,,,13.0,0.004567659460008144,315.0,0.9027230143547058,-0.04526403546333313,0.46113237738609314,-0.11248461902141571,-0.08184213191270828,-0.05485363304615021,-0.007074404042214155,0.12956330180168152,0.003725588321685791,-0.007540464401245117,0.0011797845363616943,-0.004708379507064819,0.002680152654647827,-0.0073181986808776855,0.011643648147583008,0.12123996764421463,0.12504354119300842,0.04371543973684311,0.08160216361284256,0.17928868532180786,0.049883872270584106,0.17271527647972107,0.0505555160343647,0.058256521821022034,0.004372174385935068,0.07922273874282837,0.029562970623373985,0.00037282679113559425,0.001160923158749938,0.00010985939297825098,0.0003919806331396103,0.1570485383272171,0.076144739985466,0.1368369162082672,0.06026170775294304,0.041921112686395645,0.0290817990899086,0.05826646462082863,0.1429392695426941,0.007739637047052383,0.005378409288823605,0.061217937618494034,0.021826907992362976,0.00021500562434084713,0.0006639964412897825,0.0002542473084758967,0.0003274477494414896
263,0.75,,,,,,,,,,,0.25,,,0.0,0.0033766694832593203,235.0,0.9226665496826172,0.02425113320350647,0.5517021417617798,-0.16343443095684052,-0.13490939140319824,-0.09750573337078094,-0.060891032218933105,0.22294235229492188,0.0034189224243164062,-0.0005941987037658691,0.005472242832183838,0.008304864168167114,-0.006055235862731934,-0.002221614122390747,0.00714796781539917,0.1370403915643692,0.12472705543041229,0.0576460137963295,0.0630807876586914,0.1927022635936737,0.07949700206518173,0.14826709032058716,0.05248792842030525,0.056341029703617096,0.027205822989344597,0.0564836785197258,0.024515800178050995,0.0003618129703681916,0.0008862658869475126,0.00012524824705906212,0.000494985026307404,0.17477105557918549,0.07945261150598526,0.13056614995002747,0.04809786006808281,0.05249722674489021,0.04742393270134926,0.05723739042878151,0.10296135395765305,0.008745899423956871,0.026138892397284508,0.03769902139902115,0.01948092319071293,0.00024109624791890383,0.0005403049872256815,0.0002549454802647233,0.0004577578802127391
264,0.5,,,,,,,,,,,0.5,,,0.0,0.004544361960142851,243.0,0.8802239894866943,-0.024514757096767426,0.46380889415740967,-0.11011397838592529,-0.08946609497070312,-0.06373237818479538,-0.021783437579870224,0.14852049946784973,0.0012169182300567627,0.0029741525650024414,-0.0022322237491607666,-0.004680514335632324,0.00562778115272522,0.004147708415985107,-0.006688594818115234,0.22312350571155548,0.22321780025959015,0.06622286140918732,0.09812411665916443,0.16087156534194946,0.07122361660003662,0.16588811576366425,0.062370333820581436,0.04509631544351578,0.014077614061534405,0.07201480120420456,0.02389814518392086,0.00044243159936740994,0.0013963439268991351,0.00013765868789050728,0.00046003866009414196,0.2058287411928177,0.1386823207139969,0.1451316624879837,0.06737102568149567,0.044312842190265656,0.04159631207585335,0.05038697272539139,0.13085149228572845,0.009930239990353584,0.011037210933864117,0.05135461688041687,0.019072050228714943,0.00024217624741140753,0.0008176721166819334,0.00022836090647615492,0.00033122333115898073
265,0.25,,,,,,,,,,,0.75,,,0.0,0.004454458598047495,239.0,0.9150339365005493,0.0026358242612332106,0.493014395236969,-0.14140751957893372,-0.11502548307180405,-0.08943642675876617,-0.05476885288953781,0.18276257812976837,-0.004255950450897217,-0.00015532970428466797,0.008271664381027222,0.00739675760269165,-0.001097649335861206,-0.005004763603210449,-0.004252493381500244,0.1681618094444275,0.15617889165878296,0.06817599385976791,0.09541604667901993,0.20458991825580597,0.09622923284769058,0.2095080465078354,0.06875710934400558,0.05532492697238922,0.02185460366308689,0.08496233820915222,0.04223545268177986,0.00038810214027762413,0.0012540927855297923,0.00015031306247692555,0.0005829418660141528,0.19257448613643646,0.10221327096223831,0.170076385140419,0.07628624886274338,0.05526475980877876,0.05421844497323036,0.07942017167806625,0.17299672961235046,0.011592140421271324,0.020483221858739853,0.061862241476774216,0.031180541962385178,0.00024655996821820736,0.0007558876532129943,0.00028793353703804314,0.0006065390771254897
266,0.75,,,,,,,,,,,0.25,,,5.0,0.00482521578669548,159.0,0.8940715789794922,0.012336833402514458,0.560600996017456,-0.17487412691116333,-0.13869547843933105,-0.10639448463916779,-0.07156119495630264,0.21593478322029114,0.008147060871124268,0.005677074193954468,-0.0019381940364837646,-0.001953303813934326,0.007894128561019897,-0.0028723478317260742,-0.0017237067222595215,0.15398827195167542,0.1378789097070694,0.05555910989642143,0.06282487511634827,0.171774759888649,0.07058381289243698,0.1348339319229126,0.04003709554672241,0.047036342322826385,0.01857851631939411,0.055353276431560516,0.024476608261466026,0.0003670740406960249,0.0010426667286083102,0.00010880503396037966,0.0004452699504327029,0.17612886428833008,0.08576825261116028,0.12155978381633759,0.04759005084633827,0.04298941418528557,0.04610178619623184,0.0528220534324646,0.09013862907886505,0.006140632554888725,0.01859133131802082,0.03421543166041374,0.01980872079730034,0.0002308650582563132,0.0006032589008100331,0.0002127636398654431,0.000395451468648389
267,0.5,,,,,,,,,,,0.5,,,5.0,0.004552053287625313,149.0,0.8568053245544434,-0.007745515555143356,0.4975678324699402,-0.13974139094352722,-0.11236755549907684,-0.07809002697467804,-0.050991229712963104,0.17543253302574158,-0.0007608234882354736,-0.0041435956954956055,-0.010455071926116943,-0.006324112415313721,-0.0037711262702941895,-0.007017731666564941,0.000617295503616333,0.14681129157543182,0.1009695827960968,0.06103259697556496,0.08819101750850677,0.16131237149238586,0.06690873205661774,0.1721288561820984,0.06109291687607765,0.04601946100592613,0.011006101965904236,0.07243271172046661,0.03199399262666702,0.0003686236741486937,0.001116349478252232,0.00014194860705174506,0.0004933673772029579,0.1653309464454651,0.06280006468296051,0.1412775218486786,0.0648503229022026,0.03857564926147461,0.03847622498869896,0.05785660818219185,0.1441609114408493,0.007382064126431942,0.007923010736703873,0.05519409105181694,0.024555964395403862,0.00021275831386446953,0.000648627697955817,0.0002512737992219627,0.0003633242449723184
268,0.25,,,,,,,,,,,0.75,,,5.0,0.003997689113020897,178.0,0.03544456511735916,0.1308233141899109,0.3692842721939087,-0.16480682790279388,-0.11692853271961212,-0.11371340602636337,-0.13575932383537292,0.24845576286315918,0.001551806926727295,-0.0007723569869995117,0.0033604204654693604,0.002868175506591797,-0.004558444023132324,0.007726222276687622,0.007837444543838501,0.25227779150009155,0.20146459341049194,0.1322552114725113,0.09671776741743088,0.10523784905672073,0.06352633982896805,0.0718938335776329,0.0472983717918396,0.015555196441709995,0.00741585623472929,0.014223230071365833,0.00872847717255354,0.0003400953719392419,0.0009524110937491059,0.00017503660637885332,0.000410301930969581,0.1869114190340042,0.11809943616390228,0.09551145136356354,0.05329480022192001,0.03417626768350601,0.035747628659009933,0.02734341286122799,0.033659886568784714,0.0006943900953046978,0.006229326594620943,0.005897942464798689,0.006854726001620293,0.00021641906641889364,0.0006236797198653221,0.00011188433563802391,0.00023937408695928752
269,0.75,,,,,,,,,,,0.25,,,6.0,0.005880323704332113,121.0,0.8525543212890625,-0.0069611091166734695,0.5095252990722656,-0.13103525340557098,-0.09840001165866852,-0.06838598847389221,-0.04131506010890007,0.1805039942264557,0.0005421340465545654,0.010563462972640991,0.003933727741241455,-0.0001646578311920166,0.0027080178260803223,-0.009359478950500488,-0.006312668323516846,0.18118612468242645,0.14092488586902618,0.06881777942180634,0.07805099338293076,0.14986483752727509,0.08276529610157013,0.1569083034992218,0.05565624684095383,0.03692588955163956,0.014724202454090118,0.06236187368631363,0.02673058584332466,0.00038422580109909177,0.001190325478091836,0.00011538945545908064,0.0003888533392455429,0.17934823036193848,0.08750641345977783,0.14091885089874268,0.057583462446928024,0.03828747943043709,0.051370516419410706,0.053193289786577225,0.11926835030317307,0.005688367877155542,0.011974126100540161,0.0389317162334919,0.02011885866522789,0.00021972898684907705,0.000693602254614234,0.0002261028130305931,0.0003576844173949212
270,0.5,,,,,,,,,,,0.5,,,6.0,0.006888429168611765,81.0,0.6955474615097046,0.0063910819590091705,0.5226532220840454,-0.1854269802570343,-0.1414969265460968,-0.11238932609558105,-0.08702270686626434,0.19684812426567078,-0.011021196842193604,-0.007072091102600098,0.0018067359924316406,0.003620743751525879,-0.00747448205947876,-0.004822969436645508,0.0011301636695861816,0.1858316957950592,0.14166682958602905,0.09938371181488037,0.09957779943943024,0.15454699099063873,0.08044888079166412,0.17366139590740204,0.05797529220581055,0.038638871163129807,0.015918994322419167,0.06557531654834747,0.03166778385639191,0.0003695884079206735,0.0009692585445009172,0.00015816812810953707,0.0005439039086923003,0.1861691027879715,0.0858888179063797,0.18046261370182037,0.07143952697515488,0.041744768619537354,0.05530327931046486,0.06957732141017914,0.13447090983390808,0.007765337824821472,0.014546126127243042,0.045831356197595596,0.027585843577980995,0.0002290711854584515,0.0005914963549003005,0.00030260172206908464,0.0005016287323087454
